%time,field.header.seq,field.header.stamp,field.header.frame_id,field.unique_id,field.steer_angle,field.kph,field.wheel_speed,field.engine_rpm,field.gear_location,field.drivingMode,field.brake_pedal,field.accel_pedal,field.left_signal,field.right_signal,field.is_aeb,field.is_estop,field.is_emergency,field.cmd_vel
1744953992822856345,178530,0,,1,4.0,17.0,80.0,1685.6,4,1,1,0,0,0,0,0,0,-1
1744953992842832786,178531,0,,1,4.0,17.0,80.0,1683.6,4,1,1,0,0,0,0,0,0,-1
1744953992862885306,178532,0,,1,4.0,17.0,80.0,1689.2,4,1,1,0,0,0,0,0,0,-1
1744953992882864734,178533,0,,1,4.0,17.0,80.0,1693.2,4,1,1,0,0,0,0,0,0,-1
1744953992903065574,178534,0,,1,4.0,17.0,80.0,1694.4,4,1,1,0,0,0,0,0,0,-1
1744953992922896400,178535,0,,1,4.0,17.0,80.0,1696.8,4,1,1,0,0,0,0,0,0,-1
1744953992943430228,178536,0,,1,4.0,17.0,80.0,1700.8,4,1,1,0,0,0,0,0,0,-1
1744953992962922478,178537,0,,1,4.0,17.0,80.0,1693.6,4,1,1,0,0,0,0,0,0,-1
1744953992983124103,178538,0,,1,4.0,17.0,80.0,1692.4,4,1,1,0,0,0,0,0,0,-1
1744953993003593198,178539,0,,1,4.0,17.0,80.0,1693.6,4,1,1,0,0,0,0,0,0,-1
1744953993024141395,178540,0,,1,4.0,17.0,80.0,1682.0,4,1,1,0,0,0,0,0,0,-1
1744953993043492138,178541,0,,1,4.0,17.0,80.0,1680.4,4,1,1,0,0,0,0,0,0,-1
1744953993062874886,178542,0,,1,4.0,17.0,80.0,1678.8,4,1,1,0,0,0,0,0,0,-1
1744953993082969973,178543,0,,1,3.0,17.0,80.0,1690.0,4,1,1,0,0,0,0,0,0,-1
1744953993103016756,178544,0,,1,3.0,17.0,80.0,1680.8,4,1,1,0,0,0,0,0,0,-1
1744953993122964264,178545,0,,1,3.0,17.0,80.0,1680.4,4,1,1,0,0,0,0,0,0,-1
1744953993142808037,178546,0,,1,3.0,17.0,80.0,1683.6,4,1,1,0,0,0,0,0,0,-1
1744953993162876621,178547,0,,1,3.0,17.0,80.0,1691.6,4,1,1,0,0,0,0,0,0,-1
1744953993182790651,178548,0,,1,3.0,17.0,80.0,1696.0,4,1,1,0,0,0,0,0,0,-1
1744953993203305080,178549,0,,1,3.0,17.0,80.0,1700.4,4,1,1,0,0,0,0,0,0,-1
1744953993222990184,178550,0,,1,3.0,17.0,80.0,1704.8,4,1,1,0,0,0,0,0,0,-1
1744953993242826944,178551,0,,1,3.0,17.0,80.0,1711.6,4,1,1,0,0,0,0,0,0,-1
1744953993262845683,178552,0,,1,3.0,17.0,80.0,1714.4,4,1,1,0,0,0,0,0,0,-1
1744953993283136892,178553,0,,1,3.0,17.0,80.0,1715.2,4,1,1,0,0,0,0,0,0,-1
1744953993302833042,178554,0,,1,3.0,17.0,80.0,1714.0,4,1,1,0,0,0,0,0,0,-1
1744953993323575328,178555,0,,1,3.0,17.0,80.0,1723.2,4,1,1,0,0,0,0,0,0,-1
1744953993342808325,178556,0,,1,3.0,17.0,80.0,1725.6,4,1,1,0,0,0,0,0,0,-1
1744953993362841734,178557,0,,1,2.0,17.0,80.0,1722.8,4,1,1,0,0,0,0,0,0,-1
1744953993383162676,178558,0,,1,2.0,17.0,80.0,1723.6,4,1,1,0,0,0,0,0,0,-1
1744953993402912736,178559,0,,1,2.0,17.0,80.0,1716.4,4,1,1,0,0,0,0,0,0,-1
1744953993423067786,178560,0,,1,2.0,17.0,80.0,1724.0,4,1,1,0,0,0,0,0,0,-1
1744953993443257250,178561,0,,1,2.0,17.0,80.0,1723.6,4,1,1,0,0,0,0,0,0,-1
1744953993463125159,178562,0,,1,2.0,17.0,80.0,1725.2,4,1,1,0,0,0,0,0,0,-1
1744953993483274735,178563,0,,1,2.0,18.0,80.0,1724.4,4,1,1,0,0,0,0,0,0,-1
1744953993504733567,178564,0,,1,2.0,18.0,80.0,1727.6,4,1,1,0,0,0,0,0,0,-1
1744953993522847687,178565,0,,1,2.0,18.0,80.0,1721.2,4,1,1,0,0,0,0,0,0,-1
1744953993542815855,178566,0,,1,2.0,18.0,80.0,1721.6,4,1,1,0,0,0,0,0,0,-1
1744953993562889538,178567,0,,1,2.0,18.0,80.0,1734.8,4,1,1,0,0,0,0,0,0,-1
1744953993582863716,178568,0,,1,2.0,18.0,80.0,1745.2,4,1,1,0,0,0,0,0,0,-1
1744953993602965273,178569,0,,1,2.0,18.0,80.0,1739.2,4,1,1,0,0,0,0,0,0,-1
1744953993623059576,178570,0,,1,2.0,18.0,80.0,1746.4,4,1,1,0,0,0,0,0,0,-1
1744953993642836642,178571,0,,1,2.0,18.0,80.0,1748.4,4,1,1,0,0,0,0,0,0,-1
1744953993662836473,178572,0,,1,2.0,18.0,80.0,1742.8,4,1,1,0,0,0,0,0,0,-1
1744953993682880487,178573,0,,1,2.0,18.0,80.0,1750.0,4,1,1,0,0,0,0,0,0,-1
1744953993702810820,178574,0,,1,2.0,18.0,80.0,1751.2,4,1,1,0,0,0,0,0,0,-1
1744953993722855413,178575,0,,1,2.0,18.0,80.0,1741.2,4,1,1,0,0,0,0,0,0,-1
1744953993742846827,178576,0,,1,2.0,18.0,80.0,1743.6,4,1,1,0,0,0,0,0,0,-1
1744953993762826646,178577,0,,1,2.0,18.0,80.0,1746.0,4,1,1,0,0,0,0,0,0,-1
1744953993782799537,178578,0,,1,2.0,18.0,80.0,1749.2,4,1,1,0,0,0,0,0,0,-1
1744953993803043736,178579,0,,1,2.0,18.0,80.0,1750.0,4,1,1,0,0,0,0,0,0,-1
1744953993822907835,178580,0,,1,2.0,18.0,80.0,1742.0,4,1,1,0,0,0,0,0,0,-1
1744953993842860518,178581,0,,1,2.0,18.0,80.0,1756.8,4,1,1,0,0,0,0,0,0,-1
1744953993862821437,178582,0,,1,2.0,18.0,80.0,1748.8,4,1,1,0,0,0,0,0,0,-1
1744953993882905199,178583,0,,1,2.0,18.0,80.0,1753.2,4,1,1,0,0,0,0,0,0,-1
1744953993902859792,178584,0,,1,2.0,18.0,80.0,1766.0,4,1,1,0,0,0,0,0,0,-1
1744953993922842156,178585,0,,1,2.0,18.0,80.0,1762.4,4,1,1,0,0,0,0,0,0,-1
1744953993942940719,178586,0,,1,1.0,18.0,80.0,1764.4,4,1,1,0,0,0,0,0,0,-1
1744953993962877487,178587,0,,1,1.0,18.0,80.0,1767.2,4,1,1,0,0,0,0,0,0,-1
1744953993982800957,178588,0,,1,1.0,18.0,80.0,1770.0,4,1,1,0,0,0,0,0,0,-1
1744953994002909450,178589,0,,1,1.0,18.0,80.0,1773.6,4,1,1,0,0,0,0,0,0,-1
1744953994022910732,178590,0,,1,1.0,18.0,80.0,1771.2,4,1,1,0,0,0,0,0,0,-1
1744953994043403339,178591,0,,1,1.0,18.0,80.0,1786.4,4,1,1,0,0,0,0,0,0,-1
1744953994062847836,178592,0,,1,1.0,18.0,80.0,1772.0,4,1,1,0,0,0,0,0,0,-1
1744953994082867055,178593,0,,1,1.0,18.0,80.0,1786.8,4,1,1,0,0,0,0,0,0,-1
1744953994102862953,178594,0,,1,1.0,18.0,80.0,1791.6,4,1,1,0,0,0,0,0,0,-1
1744953994123026242,178595,0,,1,1.0,18.0,80.0,1792.0,4,1,1,0,0,0,0,0,0,-1
1744953994142857789,178596,0,,1,1.0,18.0,80.0,1787.2,4,1,1,0,0,0,0,0,0,-1
1744953994162927519,178597,0,,1,1.0,18.0,80.0,1792.8,4,1,1,0,0,0,0,0,0,-1
1744953994182810532,178598,0,,1,1.0,18.0,80.0,1783.2,4,1,1,0,0,0,0,0,0,-1
1744953994203544895,178599,0,,1,1.0,18.0,80.0,1781.6,4,1,1,0,0,0,0,0,0,-1
1744953994222898925,178600,0,,1,1.0,18.0,80.0,1788.8,4,1,1,0,0,0,0,0,0,-1
1744953994242990151,178601,0,,1,1.0,18.0,80.0,1792.0,4,1,1,0,0,0,0,0,0,-1
1744953994262923769,178602,0,,1,1.0,18.0,80.0,1797.2,4,1,1,0,0,0,0,0,0,-1
1744953994282827822,178603,0,,1,0.0,18.0,80.0,1794.4,4,1,1,0,0,0,0,0,0,-1
1744953994302809210,178604,0,,1,0.0,18.0,80.0,1797.2,4,1,1,0,0,0,0,0,0,-1
1744953994322877442,178605,0,,1,0.0,18.0,80.0,1791.2,4,1,1,0,0,0,0,0,0,-1
1744953994342899447,178606,0,,1,0.0,18.0,80.0,1799.6,4,1,1,0,0,0,0,0,0,-1
1744953994362803676,178607,0,,1,0.0,18.0,80.0,1808.0,4,1,1,0,0,0,0,0,0,-1
1744953994382917536,178608,0,,1,0.0,18.0,80.0,1815.2,4,1,1,0,0,0,0,0,0,-1
1744953994402839834,178609,0,,1,0.0,18.0,80.0,1821.2,4,1,1,0,0,0,0,0,0,-1
1744953994423160466,178610,0,,1,0.0,18.0,80.0,1816.4,4,1,1,0,0,0,0,0,0,-1
1744953994442807398,178611,0,,1,0.0,18.0,80.0,1823.6,4,1,1,0,0,0,0,0,0,-1
1744953994462941390,178612,0,,1,0.0,18.0,80.0,1823.2,4,1,1,0,0,0,0,0,0,-1
1744953994482851170,178613,0,,1,0.0,18.0,80.0,1835.2,4,1,1,0,0,0,0,0,0,-1
1744953994502815968,178614,0,,1,0.0,18.0,80.0,1831.6,4,1,1,0,0,0,0,0,0,-1
1744953994522933190,178615,0,,1,0.0,18.0,80.0,1833.2,4,1,1,0,0,0,0,0,0,-1
1744953994542829743,178616,0,,1,0.0,18.0,80.0,1835.6,4,1,1,0,0,0,0,0,0,-1
1744953994562899344,178617,0,,1,0.0,18.0,80.0,1838.4,4,1,1,0,0,0,0,0,0,-1
1744953994583276718,178618,0,,1,0.0,19.0,80.0,1841.6,4,1,1,0,0,0,0,0,0,-1
1744953994602949400,178619,0,,1,0.0,19.0,80.0,1834.0,4,1,1,0,0,0,0,0,0,-1
1744953994623009822,178620,0,,1,0.0,19.0,80.0,1843.6,4,1,1,0,0,0,0,0,0,-1
1744953994643412879,178621,0,,1,0.0,19.0,80.0,1844.0,4,1,1,0,0,0,0,0,0,-1
1744953994663259041,178622,0,,1,0.0,19.0,80.0,1842.0,4,1,1,0,0,0,0,0,0,-1
1744953994682835008,178623,0,,1,0.0,19.0,80.0,1856.8,4,1,1,0,0,0,0,0,0,-1
1744953994702907840,178624,0,,1,0.0,19.0,80.0,1855.2,4,1,1,0,0,0,0,0,0,-1
1744953994722907373,178625,0,,1,0.0,19.0,80.0,1852.8,4,1,1,0,0,0,0,0,0,-1
1744953994743202290,178626,0,,1,0.0,19.0,80.0,1864.8,4,1,1,0,0,0,0,0,0,-1
1744953994762828980,178627,0,,1,0.0,19.0,80.0,1856.8,4,1,1,0,0,0,0,0,0,-1
1744953994783221113,178628,0,,1,0.0,19.0,80.0,1854.4,4,1,1,0,0,0,0,0,0,-1
1744953994803201549,178629,0,,1,0.0,19.0,80.0,1868.4,4,1,1,0,0,0,0,0,0,-1
1744953994822830938,178630,0,,1,0.0,19.0,80.0,1860.8,4,1,1,0,0,0,0,0,0,-1
1744953994842825028,178631,0,,1,0.0,19.0,80.0,1864.8,4,1,1,0,0,0,0,0,0,-1
1744953994863498994,178632,0,,1,0.0,19.0,80.0,1865.2,4,1,1,0,0,0,0,0,0,-1
1744953994882950911,178633,0,,1,0.0,19.0,80.0,1877.2,4,1,1,0,0,0,0,0,0,-1
1744953994903119135,178634,0,,1,0.0,19.0,80.0,1871.6,4,1,1,0,0,0,0,0,0,-1
1744953994923507133,178635,0,,1,0.0,19.0,80.0,1876.4,4,1,1,0,0,0,0,0,0,-1
1744953994942862832,178636,0,,1,0.0,19.0,80.0,1880.0,4,1,1,0,0,0,0,0,0,-1
1744953994962836835,178637,0,,1,0.0,19.0,80.0,1873.6,4,1,1,0,0,0,0,0,0,-1
1744953994982857611,178638,0,,1,-1.0,19.0,80.0,1872.8,4,1,1,0,0,0,0,0,0,-1
1744953995002944260,178639,0,,1,-1.0,19.0,80.0,1880.4,4,1,1,0,0,0,0,0,0,-1
1744953995022868998,178640,0,,1,-1.0,19.0,80.0,1879.2,4,1,1,0,0,0,0,0,0,-1
1744953995043033826,178641,0,,1,-1.0,19.0,80.0,1889.6,4,1,1,0,0,0,0,0,0,-1
1744953995063140317,178642,0,,1,-1.0,19.0,80.0,1888.4,4,1,1,0,0,0,0,0,0,-1
1744953995083571105,178643,0,,1,-1.0,19.0,80.0,1886.4,4,1,1,0,0,0,0,0,0,-1
1744953995103237328,178644,0,,1,-2.0,19.0,80.0,1895.6,4,1,1,0,0,0,0,0,0,-1
1744953995122984511,178645,0,,1,-2.0,19.0,80.0,1895.6,4,1,1,0,0,0,0,0,0,-1
1744953995142911210,178646,0,,1,-2.0,19.0,80.0,1895.2,4,1,1,0,0,0,0,0,0,-1
1744953995162970965,178647,0,,1,-2.0,19.0,80.0,1898.8,4,1,1,0,0,0,0,0,0,-1
1744953995182818413,178648,0,,1,-2.0,19.0,80.0,1903.2,4,1,1,0,0,0,0,0,0,-1
1744953995202814073,178649,0,,1,-2.0,19.0,80.0,1908.8,4,1,1,0,0,0,0,0,0,-1
1744953995223072126,178650,0,,1,-2.0,19.0,80.0,1908.4,4,1,1,0,0,0,0,0,0,-1
1744953995242807073,178651,0,,1,-2.0,19.0,80.0,1911.6,4,1,1,0,0,0,0,0,0,-1
1744953995263000989,178652,0,,1,-2.0,19.0,80.0,1912.8,4,1,1,0,0,0,0,0,0,-1
1744953995282795449,178653,0,,1,-1.0,19.0,80.0,1906.0,4,1,1,0,0,0,0,0,0,-1
1744953995303018597,178654,0,,1,-2.0,19.0,80.0,1912.4,4,1,1,0,0,0,0,0,0,-1
1744953995322990316,178655,0,,1,-1.0,19.0,80.0,1914.0,4,1,1,0,0,0,0,0,0,-1
1744953995342797434,178656,0,,1,-2.0,19.0,80.0,1907.2,4,1,1,0,0,0,0,0,0,-1
1744953995363077543,178657,0,,1,-2.0,19.0,80.0,1907.2,4,1,1,0,0,0,0,0,0,-1
1744953995382855273,178658,0,,1,-2.0,19.0,80.0,1911.2,4,1,1,0,0,0,0,0,0,-1
1744953995403283723,178659,0,,1,-2.0,19.0,80.0,1916.4,4,1,1,0,0,0,0,0,0,-1
1744953995423154920,178660,0,,1,-1.0,20.0,80.0,1910.4,4,1,1,0,0,0,0,0,0,-1
1744953995444127482,178661,0,,1,-1.0,20.0,80.0,1916.4,4,1,1,0,0,0,0,0,0,-1
1744953995462803042,178662,0,,1,-1.0,20.0,80.0,1913.6,4,1,1,0,0,0,0,0,0,-1
1744953995482821607,178663,0,,1,-1.0,20.0,80.0,1915.6,4,1,1,0,0,0,0,0,0,-1
1744953995502810481,178664,0,,1,-1.0,20.0,80.0,1923.6,4,1,1,0,0,0,0,0,0,-1
1744953995524121149,178665,0,,1,-1.0,20.0,80.0,1916.0,4,1,1,0,0,0,0,0,0,18
1744953995542860772,178666,0,,1,-1.0,20.0,80.0,1914.4,4,1,1,0,0,0,0,0,0,18
1744953995563175064,178667,0,,1,-1.0,20.0,80.0,1918.4,4,1,1,0,0,0,0,0,0,18
1744953995583520965,178668,0,,1,-1.0,20.0,80.0,1913.2,4,1,1,0,0,0,0,0,0,18
1744953995602959188,178669,0,,1,-1.0,20.0,80.0,1912.0,4,1,1,0,0,0,0,0,0,18
1744953995622910638,178670,0,,1,-1.0,20.0,80.0,1916.4,4,1,1,0,0,0,0,0,0,18
1744953995642861058,178671,0,,1,-1.0,20.0,80.0,1917.2,4,1,1,0,0,0,0,0,0,18
1744953995662881349,178672,0,,1,-1.0,20.0,80.0,1910.8,4,1,1,0,0,0,0,0,0,18
1744953995682808486,178673,0,,1,-1.0,20.0,80.0,1915.2,4,1,1,0,0,0,0,0,0,18
1744953995702846598,178674,0,,1,-1.0,20.0,80.0,1912.8,4,1,1,0,0,0,0,0,0,18
1744953995722880779,178675,0,,1,-1.0,20.0,80.0,1904.8,4,1,1,0,0,0,0,0,0,18
1744953995742785150,178676,0,,1,-2.0,20.0,80.0,1910.8,4,1,1,0,0,0,0,0,0,18
1744953995762800072,178677,0,,1,-2.0,20.0,80.0,1907.6,4,1,1,0,0,0,0,0,0,18
1744953995783093273,178678,0,,1,-2.0,20.0,80.0,1913.2,4,1,1,0,0,0,0,0,0,18
1744953995803390797,178679,0,,1,-2.0,20.0,80.0,1912.4,4,1,1,0,0,0,0,0,0,18
1744953995822836732,178680,0,,1,-2.0,20.0,80.0,1905.2,4,1,1,0,0,0,0,0,0,11
1744953995842829105,178681,0,,1,-3.0,20.0,80.0,1909.6,4,1,1,0,0,0,0,0,0,11
1744953995862835774,178682,0,,1,-3.0,20.0,80.0,1905.2,4,1,1,0,0,0,0,0,0,11
1744953995882932606,178683,0,,1,-2.0,20.0,80.0,1902.4,4,1,1,0,0,0,0,0,0,11
1744953995903067859,178684,0,,1,-2.0,20.0,80.0,1898.0,4,1,1,0,0,0,0,0,0,11
1744953995923421879,178685,0,,1,-2.0,20.0,80.0,1903.2,4,1,1,0,0,0,0,0,0,18
1744953995942823159,178686,0,,1,-3.0,20.0,80.0,1902.0,4,1,1,0,0,0,0,0,0,18
1744953995962806871,178687,0,,1,-2.0,20.0,80.0,1895.6,4,1,1,0,0,0,0,0,0,18
1744953995982798214,178688,0,,1,-3.0,20.0,80.0,1892.8,4,1,1,0,0,0,0,0,0,18
1744953996002829574,178689,0,,1,-2.0,20.0,80.0,1895.6,4,1,1,0,0,0,0,0,0,18
1744953996022849725,178690,0,,1,-2.0,20.0,80.0,1895.6,4,1,1,0,0,0,0,0,0,3
1744953996043060377,178691,0,,1,-2.0,20.0,80.0,1890.4,4,1,1,0,0,0,0,0,0,3
1744953996062973639,178692,0,,1,-2.0,20.0,80.0,1873.6,4,1,1,0,0,0,0,0,0,3
1744953996083154768,178693,0,,1,-2.0,20.0,80.0,1878.4,4,1,1,0,0,0,0,0,0,3
1744953996102954621,178694,0,,1,-2.0,20.0,80.0,1857.6,4,1,1,0,0,0,0,0,0,3
1744953996122917959,178695,0,,1,-2.0,20.0,80.0,1875.2,4,1,1,0,0,0,0,0,0,3
1744953996142740883,178696,0,,1,-2.0,20.0,80.0,1862.0,4,1,1,0,0,0,0,0,0,3
1744953996162895285,178697,0,,1,-2.0,20.0,80.0,1858.8,4,1,1,0,0,0,0,0,0,3
1744953996182827833,178698,0,,1,-3.0,20.0,80.0,1855.6,4,1,1,0,0,0,0,0,0,3
1744953996203194378,178699,0,,1,-2.0,20.0,80.0,1868.8,4,1,1,0,0,0,0,0,0,3
1744953996222853972,178700,0,,1,-2.0,20.0,80.0,1844.4,4,1,1,0,0,0,0,0,0,12
1744953996242975544,178701,0,,1,-2.0,20.0,80.0,1838.4,4,1,1,0,0,0,0,0,0,12
1744953996263567404,178702,0,,1,-2.0,20.0,80.0,1836.0,4,1,1,0,0,0,0,0,0,12
1744953996283259331,178703,0,,1,-2.0,20.0,80.0,1820.0,4,1,1,0,0,0,0,0,0,12
1744953996302837695,178704,0,,1,-2.0,20.0,80.0,1825.6,4,1,1,0,0,0,0,0,0,12
1744953996323681216,178705,0,,1,-2.0,20.0,80.0,1802.0,4,1,1,0,0,0,0,0,0,12
1744953996342999408,178706,0,,1,-2.0,20.0,80.0,1806.0,4,1,1,0,0,0,0,0,0,12
1744953996363151765,178707,0,,1,-2.0,20.0,80.0,1796.8,4,1,1,0,0,0,0,0,0,12
1744953996382915843,178708,0,,1,-2.0,20.0,80.0,1816.4,4,1,1,0,0,0,0,0,0,12
1744953996403302397,178709,0,,1,-3.0,20.0,80.0,1803.2,4,1,1,0,0,0,0,0,0,12
1744953996423036452,178710,0,,1,-2.0,20.0,80.0,1818.0,4,1,1,0,0,0,0,0,0,12
1744953996442839284,178711,0,,1,-2.0,20.0,80.0,1814.4,4,1,1,0,0,0,0,0,0,12
1744953996462856613,178712,0,,1,-2.0,20.0,80.0,1808.4,4,1,1,0,0,0,0,0,0,20
1744953996482862386,178713,0,,1,-2.0,19.0,80.0,1801.2,4,1,1,0,0,0,0,0,0,20
1744953996502860837,178714,0,,1,-2.0,19.0,80.0,1806.0,4,1,1,0,0,0,0,0,0,20
1744953996523049060,178715,0,,1,-2.0,19.0,80.0,1790.4,4,1,1,0,0,0,0,0,0,12
1744953996543368714,178716,0,,1,-2.0,19.0,80.0,1788.0,4,1,1,0,0,0,0,0,0,12
1744953996562858394,178717,0,,1,-2.0,19.0,80.0,1776.0,4,1,1,0,0,0,0,0,0,12
1744953996582876195,178718,0,,1,-1.0,19.0,80.0,1775.2,4,1,1,0,0,0,0,0,0,12
1744953996603011942,178719,0,,1,-1.0,19.0,80.0,1759.2,4,1,1,0,0,0,0,0,0,12
1744953996623011087,178720,0,,1,0.0,19.0,80.0,1759.2,4,1,1,0,0,0,0,0,0,9
1744953996643646420,178721,0,,1,0.0,19.0,80.0,1768.0,4,1,1,0,0,0,0,0,0,9
1744953996663120953,178722,0,,1,0.0,19.0,80.0,1757.2,4,1,1,0,0,0,0,0,0,9
1744953996682884706,178723,0,,1,0.0,19.0,80.0,1752.8,4,1,1,0,0,0,0,0,0,9
1744953996702883872,178724,0,,1,0.0,19.0,80.0,1756.0,4,1,1,0,0,0,0,0,0,9
1744953996723071552,178725,0,,1,0.0,19.0,80.0,1771.6,4,1,1,0,0,0,0,0,0,14
1744953996742833300,178726,0,,1,0.0,19.0,80.0,1783.2,4,1,1,0,0,0,0,0,0,14
1744953996762836508,178727,0,,1,0.0,19.0,80.0,1799.2,4,1,1,0,0,0,0,0,0,14
1744953996782860360,178728,0,,1,0.0,19.0,80.0,1737.2,4,1,1,0,0,0,0,0,0,14
1744953996803838246,178729,0,,1,0.0,19.0,80.0,1647.6,4,1,1,0,0,0,0,0,0,14
1744953996825541011,178730,0,,1,0.0,19.0,80.0,1573.6,4,1,1,0,0,0,0,0,0,7
1744953996842882758,178731,0,,1,0.0,19.0,80.0,1491.6,4,1,1,0,0,0,0,0,0,7
1744953996864065765,178732,0,,1,1.0,18.0,80.0,1452.0,4,1,1,0,0,0,0,0,0,7
1744953996882884098,178733,0,,1,1.0,18.0,80.0,1379.6,4,1,1,0,0,0,0,0,0,7
1744953996903010515,178734,0,,1,2.0,18.0,80.0,1272.4,4,1,1,0,0,0,0,0,0,7
1744953996922850557,178735,0,,1,2.0,18.0,80.0,1207.6,4,1,1,0,0,0,0,0,0,7
1744953996942899835,178736,0,,1,3.0,18.0,80.0,1145.2,4,1,1,0,0,0,0,0,0,7
1744953996963008396,178737,0,,1,3.0,18.0,80.0,1078.4,4,1,1,0,0,0,0,0,0,7
1744953996982790150,178738,0,,1,3.0,18.0,80.0,1054.4,4,1,1,0,0,0,0,0,0,7
1744953997003015193,178739,0,,1,3.0,18.0,80.0,961.6,4,1,1,0,0,0,0,0,0,7
1744953997022911370,178740,0,,1,3.0,18.0,80.0,907.6,4,1,1,0,0,0,0,0,0,7
1744953997042843581,178741,0,,1,4.0,18.0,80.0,844.0,4,1,1,0,0,0,0,0,0,7
1744953997063016581,178742,0,,1,3.0,18.0,80.0,795.6,4,1,1,0,0,0,0,0,0,7
1744953997083118459,178743,0,,1,4.0,18.0,80.0,728.8,4,1,1,0,0,0,0,0,0,7
1744953997103038775,178744,0,,1,3.0,18.0,80.0,688.4,4,1,1,0,0,0,0,0,0,7
1744953997122944683,178745,0,,1,4.0,17.0,80.0,619.2,4,1,1,0,0,0,0,0,0,7
1744953997142844029,178746,0,,1,4.0,17.0,80.0,578.0,4,1,1,0,0,0,0,0,0,7
1744953997162902601,178747,0,,1,4.0,17.0,80.0,529.6,4,1,1,0,0,0,0,0,0,7
1744953997182826894,178748,0,,1,4.0,17.0,80.0,498.4,4,1,1,0,0,0,0,0,0,7
1744953997202867419,178749,0,,1,5.0,17.0,80.0,408.4,4,1,1,0,0,0,0,0,0,7
1744953997223025971,178750,0,,1,5.0,17.0,80.0,398.8,4,1,1,0,0,0,0,0,0,7
1744953997242929526,178751,0,,1,6.0,17.0,80.0,363.6,4,1,1,0,0,0,0,0,0,7
1744953997263679591,178752,0,,1,6.0,17.0,80.0,332.8,4,1,1,0,0,0,0,0,0,7
1744953997283157276,178753,0,,1,6.0,17.0,80.0,268.8,4,1,1,0,0,0,0,0,0,7
1744953997302820766,178754,0,,1,6.0,17.0,80.0,262.4,4,1,1,0,0,0,0,0,0,7
1744953997322903212,178755,0,,1,7.0,17.0,80.0,275.6,4,1,1,0,0,0,0,0,0,7
1744953997342893755,178756,0,,1,7.0,17.0,80.0,253.2,4,1,1,0,0,0,0,0,0,7
1744953997362868194,178757,0,,1,7.0,17.0,80.0,195.6,4,1,1,0,0,0,0,0,0,7
1744953997382765411,178758,0,,1,7.0,17.0,80.0,129.6,4,1,1,0,0,0,0,0,0,7
1744953997402874937,178759,0,,1,7.0,17.0,80.0,72.0,4,1,1,0,0,0,0,0,0,7
1744953997422845873,178760,0,,1,7.0,17.0,80.0,10.0,4,1,1,0,0,0,0,0,0,7
1744953997443252483,178761,0,,1,7.0,17.0,80.0,-23.6,4,1,1,0,0,0,0,0,0,7
1744953997462912155,178762,0,,1,7.0,17.0,80.0,-38.0,4,1,1,0,0,0,0,0,0,7
1744953997483092035,178763,0,,1,7.0,17.0,80.0,-82.8,4,1,1,0,0,0,0,0,0,7
1744953997502864125,178764,0,,1,7.0,16.0,80.0,-94.8,4,1,1,0,0,0,0,0,0,7
1744953997523205480,178765,0,,1,8.0,16.0,80.0,-114.4,4,1,1,0,0,0,0,0,0,7
1744953997542835760,178766,0,,1,8.0,16.0,80.0,-106.8,4,1,1,0,0,0,0,0,0,7
1744953997562811766,178767,0,,1,8.0,16.0,80.0,-97.2,4,1,1,0,0,0,0,0,0,7
1744953997582857143,178768,0,,1,8.0,16.0,80.0,-56.4,4,1,1,0,0,0,0,0,0,7
1744953997603024863,178769,0,,1,8.0,16.0,80.0,-19.6,4,1,1,0,0,0,0,0,0,7
1744953997622944535,178770,0,,1,8.0,16.0,80.0,6.0,4,1,1,0,0,0,0,0,0,7
1744953997642966773,178771,0,,1,8.0,16.0,80.0,14.0,4,1,1,0,0,0,0,0,0,7
1744953997662874469,178772,0,,1,9.0,16.0,80.0,25.6,4,1,1,0,0,0,0,0,0,7
1744953997683027831,178773,0,,1,9.0,16.0,80.0,32.8,4,1,1,0,0,0,0,0,0,7
1744953997702988174,178774,0,,1,9.0,16.0,80.0,35.2,4,1,1,0,0,0,0,0,0,7
1744953997722920986,178775,0,,1,10.0,16.0,80.0,31.6,4,1,1,0,0,0,0,0,0,7
1744953997742817628,178776,0,,1,10.0,16.0,80.0,23.2,4,1,1,0,0,0,0,0,0,7
1744953997762888049,178777,0,,1,10.0,16.0,80.0,11.2,4,1,1,0,0,0,0,0,0,7
1744953997782823332,178778,0,,1,9.0,16.0,80.0,1.2,4,1,1,0,0,0,0,0,0,7
1744953997802874908,178779,0,,1,10.0,16.0,80.0,0.0,4,1,1,0,0,0,0,0,0,7
1744953997822835216,178780,0,,1,10.0,16.0,80.0,0.0,4,1,1,0,0,0,0,0,0,7
1744953997843185023,178781,0,,1,9.0,16.0,80.0,0.0,4,1,1,0,0,0,0,0,0,7
1744953997862879543,178782,0,,1,10.0,16.0,80.0,0.0,4,1,1,0,0,0,0,0,0,7
1744953997882989499,178783,0,,1,10.0,16.0,80.0,0.0,4,1,1,0,0,0,0,0,0,7
1744953997902910426,178784,0,,1,10.0,16.0,80.0,0.0,4,1,1,0,0,0,0,0,0,7
1744953997923008378,178785,0,,1,10.0,16.0,80.0,0.0,4,1,1,0,0,0,0,0,0,7
1744953997943000969,178786,0,,1,10.0,16.0,80.0,0.0,4,1,1,0,0,0,0,0,0,7
1744953997962944836,178787,0,,1,10.0,16.0,80.0,0.0,4,1,1,0,0,0,0,0,0,7
1744953997982811723,178788,0,,1,10.0,15.0,80.0,0.0,4,1,1,0,0,0,0,0,0,7
1744953998002895481,178789,0,,1,10.0,15.0,80.0,0.0,4,1,1,0,0,0,0,0,0,7
1744953998022967550,178790,0,,1,11.0,15.0,80.0,0.0,4,1,1,0,0,0,0,0,0,7
1744953998042851381,178791,0,,1,12.0,15.0,80.0,0.0,4,1,1,0,0,0,0,0,0,7
1744953998062965656,178792,0,,1,12.0,15.0,80.0,0.0,4,1,1,0,0,0,0,0,0,7
1744953998083905269,178793,0,,1,13.0,15.0,80.0,0.0,4,1,1,0,0,0,0,0,0,7
1744953998103121772,178794,0,,1,14.0,15.0,80.0,0.0,4,1,1,0,0,0,0,0,0,7
1744953998123060248,178795,0,,1,14.0,15.0,80.0,0.0,4,1,1,0,0,0,0,0,0,7
1744953998142889874,178796,0,,1,15.0,15.0,80.0,0.0,4,1,1,0,0,0,0,0,0,7
1744953998164355306,178797,0,,1,15.0,15.0,80.0,0.0,4,1,1,0,0,0,0,0,0,7
1744953998182897016,178798,0,,1,15.0,15.0,80.0,0.0,4,1,1,0,0,0,0,0,0,7
1744953998203043052,178799,0,,1,15.0,15.0,80.0,0.0,4,1,1,0,0,0,0,0,0,7
1744953998222916069,178800,0,,1,15.0,15.0,80.0,0.0,4,1,1,0,0,0,0,0,0,7
1744953998242840108,178801,0,,1,15.0,15.0,80.0,0.0,4,1,1,0,0,0,0,0,0,7
1744953998262936410,178802,0,,1,15.0,15.0,80.0,0.0,4,1,1,0,0,0,0,0,0,7
1744953998282867103,178803,0,,1,16.0,15.0,80.0,0.0,4,1,1,0,0,0,0,0,0,7
1744953998306227631,178804,0,,1,16.0,15.0,80.0,0.0,4,1,1,0,0,0,0,0,0,7
1744953998323055839,178805,0,,1,16.0,14.0,80.0,0.0,4,1,1,0,0,0,0,0,0,7
1744953998342826671,178806,0,,1,17.0,14.0,80.0,0.0,4,1,1,0,0,0,0,0,0,7
1744953998362838926,178807,0,,1,17.0,14.0,80.0,0.0,4,1,1,0,0,0,0,0,0,7
1744953998382896854,178808,0,,1,17.0,14.0,80.0,0.0,4,1,1,0,0,0,0,0,0,7
1744953998403231284,178809,0,,1,17.0,14.0,80.0,0.0,4,1,1,0,0,0,0,0,0,7
1744953998422990525,178810,0,,1,18.0,14.0,80.0,0.0,4,1,1,0,0,0,0,0,0,7
1744953998442867249,178811,0,,1,18.0,14.0,80.0,0.0,4,1,1,0,0,0,0,0,0,7
1744953998462933417,178812,0,,1,18.0,14.0,80.0,0.0,4,1,1,0,0,0,0,0,0,7
1744953998482924796,178813,0,,1,18.0,14.0,80.0,0.0,4,1,1,0,0,0,0,0,0,7
1744953998502852705,178814,0,,1,18.0,14.0,80.0,0.0,4,1,1,0,0,0,0,0,0,7
1744953998522975182,178815,0,,1,18.0,14.0,80.0,0.0,4,1,1,0,0,0,0,0,0,7
1744953998542835750,178816,0,,1,18.0,14.0,80.0,0.0,4,1,1,0,0,0,0,0,0,7
1744953998563461313,178817,0,,1,19.0,14.0,80.0,0.0,4,1,1,0,0,0,0,0,0,7
1744953998582856487,178818,0,,1,19.0,13.0,80.0,0.0,4,1,1,0,0,0,0,0,0,7
1744953998602992605,178819,0,,1,20.0,13.0,80.0,0.0,4,1,1,0,0,0,0,0,0,-1
1744953998623660162,178820,0,,1,20.0,13.0,80.0,0.0,4,1,1,0,0,0,0,0,0,-1
1744953998643369312,178821,0,,1,21.0,13.0,80.0,0.0,4,1,1,0,0,0,0,0,0,-1
1744953998662927538,178822,0,,1,21.0,13.0,80.0,0.0,4,1,1,0,0,0,0,0,0,-1
1744953998682898636,178823,0,,1,22.0,13.0,80.0,0.0,4,1,1,0,0,0,0,0,0,-1
1744953998702837208,178824,0,,1,23.0,13.0,80.0,0.0,4,1,1,0,0,0,0,0,0,-1
1744953998723039710,178825,0,,1,23.0,13.0,80.0,0.0,4,1,1,0,0,0,0,0,0,-1
1744953998743387011,178826,0,,1,23.0,13.0,80.0,0.0,4,1,1,0,0,0,0,0,0,-1
1744953998763485495,178827,0,,1,23.0,13.0,80.0,0.0,4,1,1,0,0,0,0,0,0,-1
1744953998785111106,178828,0,,1,23.0,13.0,80.0,0.0,4,1,1,0,0,0,0,0,0,-1
1744953998803170661,178829,0,,1,23.0,13.0,80.0,0.0,4,1,1,0,0,0,0,0,0,-1
1744953998822959495,178830,0,,1,23.0,13.0,80.0,0.0,4,1,1,0,0,0,0,0,0,-1
1744953998843196575,178831,0,,1,23.0,13.0,80.0,0.0,4,1,1,0,0,0,0,0,0,-1
1744953998863161002,178832,0,,1,24.0,12.0,80.0,0.0,4,1,1,0,0,0,0,0,0,-1
1744953998883293480,178833,0,,1,24.0,12.0,80.0,0.0,4,1,1,0,0,0,0,0,0,-1
1744953998902969292,178834,0,,1,25.0,12.0,80.0,0.0,4,1,1,0,0,0,0,0,0,-1
1744953998922976243,178835,0,,1,26.0,12.0,80.0,0.0,4,1,1,0,0,0,0,0,0,-1
1744953998944149858,178836,0,,1,27.0,12.0,80.0,0.0,4,1,1,0,0,0,0,0,0,-1
1744953998963153385,178837,0,,1,28.0,12.0,80.0,0.0,4,1,1,0,0,0,0,0,0,-1
1744953998982901815,178838,0,,1,30.0,12.0,80.0,0.0,4,1,1,0,0,0,0,0,0,-1
1744953999003017122,178839,0,,1,31.0,12.0,80.0,0.0,4,1,1,0,0,0,0,0,0,-1
1744953999023529494,178840,0,,1,32.0,12.0,80.0,0.0,4,1,1,0,0,0,0,0,0,-1
1744953999043964468,178841,0,,1,33.0,12.0,80.0,0.0,4,1,1,0,0,0,0,0,0,-1
1744953999063253200,178842,0,,1,34.0,12.0,80.0,0.0,4,1,1,0,0,0,0,0,0,-1
1744953999083012811,178843,0,,1,34.0,12.0,80.0,0.0,4,1,1,0,0,0,0,0,0,-1
1744953999102867418,178844,0,,1,35.0,12.0,80.0,0.0,4,1,1,0,0,0,0,0,0,-1
1744953999122880597,178845,0,,1,35.0,12.0,80.0,0.0,4,1,1,0,0,0,0,0,0,-1
1744953999142900375,178846,0,,1,35.0,12.0,80.0,0.0,4,1,1,0,0,0,0,0,0,-1
1744953999162850126,178847,0,,1,35.0,12.0,80.0,0.0,4,1,1,0,0,0,0,0,0,-1
1744953999182742953,178848,0,,1,35.0,12.0,80.0,0.0,4,1,1,0,0,0,0,0,0,-1
1744953999202958756,178849,0,,1,35.0,12.0,80.0,0.0,4,1,1,0,0,0,0,0,0,-1
1744953999223117221,178850,0,,1,36.0,12.0,80.0,0.0,4,1,1,0,0,0,0,0,0,-1
1744953999242823227,178851,0,,1,37.0,11.0,80.0,0.0,4,1,1,0,0,0,0,0,0,-1
1744953999262841840,178852,0,,1,37.0,11.0,80.0,0.0,4,1,1,0,0,0,0,0,0,-1
1744953999282877619,178853,0,,1,38.0,11.0,80.0,0.0,4,1,1,0,0,0,0,0,0,-1
1744953999302819222,178854,0,,1,39.0,11.0,80.0,0.0,4,1,1,0,0,0,0,0,0,-1
1744953999322824639,178855,0,,1,40.0,11.0,80.0,0.0,4,1,1,0,0,0,0,0,0,-1
1744953999343166493,178856,0,,1,41.0,11.0,80.0,0.0,4,1,1,0,0,0,0,0,0,-1
1744953999362902510,178857,0,,1,42.0,11.0,80.0,0.0,4,1,1,0,0,0,0,0,0,-1
1744953999382840894,178858,0,,1,42.0,11.0,80.0,0.0,4,1,1,0,0,0,0,0,0,-1
1744953999402813874,178859,0,,1,43.0,11.0,80.0,0.0,4,1,1,0,0,0,0,0,0,-1
1744953999422961415,178860,0,,1,43.0,11.0,80.0,0.0,4,1,1,0,0,0,0,0,0,-1
1744953999442804012,178861,0,,1,44.0,11.0,80.0,0.0,4,1,1,0,0,0,0,0,0,-1
1744953999462980675,178862,0,,1,44.0,11.0,80.0,0.0,4,1,1,0,0,0,0,0,0,-1
1744953999482865666,178863,0,,1,44.0,11.0,80.0,0.0,4,1,1,0,0,0,0,0,0,-1
1744953999503244491,178864,0,,1,44.0,11.0,80.0,0.0,4,1,1,0,0,0,0,0,0,-1
1744953999522827500,178865,0,,1,45.0,11.0,80.0,0.0,4,1,1,0,0,0,0,0,0,-1
1744953999542818105,178866,0,,1,45.0,11.0,80.0,0.0,4,1,1,0,0,0,0,0,0,-1
1744953999563131582,178867,0,,1,46.0,11.0,80.0,0.0,4,1,1,0,0,0,0,0,0,-1
1744953999583294851,178868,0,,1,46.0,11.0,80.0,0.0,4,1,1,0,0,0,0,0,0,-1
1744953999602873605,178869,0,,1,46.0,11.0,80.0,0.0,4,1,1,0,0,0,0,0,0,-1
1744953999623079619,178870,0,,1,47.0,11.0,80.0,0.0,4,1,1,0,0,0,0,0,0,-1
1744953999642843752,178871,0,,1,48.0,11.0,80.0,0.0,4,1,1,0,0,0,0,0,0,-1
1744953999662997289,178872,0,,1,49.0,11.0,80.0,0.0,4,1,1,0,0,0,0,0,0,-1
1744953999684316701,178873,0,,1,50.0,11.0,80.0,0.0,4,1,1,0,0,0,0,0,0,-1
1744953999703031379,178874,0,,1,51.0,11.0,80.0,0.0,4,1,1,0,0,0,0,0,0,-1
1744953999723540525,178875,0,,1,52.0,11.0,80.0,0.0,4,1,1,0,0,0,0,0,0,-1
1744953999742822167,178876,0,,1,52.0,11.0,80.0,0.0,4,1,1,0,0,0,0,0,0,-1
1744953999763496896,178877,0,,1,53.0,11.0,80.0,0.0,4,1,1,0,0,0,0,0,0,-1
1744953999782942390,178878,0,,1,54.0,11.0,80.0,0.0,4,1,1,0,0,0,0,0,0,-1
1744953999802944450,178879,0,,1,55.0,11.0,80.0,0.0,4,1,1,0,0,0,0,0,0,-1
1744953999822922253,178880,0,,1,55.0,11.0,80.0,0.0,4,1,1,0,0,0,0,0,0,-1
1744953999842872031,178881,0,,1,56.0,11.0,80.0,0.0,4,1,1,0,0,0,0,0,0,-1
1744953999863073034,178882,0,,1,56.0,11.0,80.0,0.0,4,1,1,0,0,0,0,0,0,-1
1744953999882993695,178883,0,,1,57.0,11.0,80.0,0.0,4,1,1,0,0,0,0,0,0,-1
1744953999904269168,178884,0,,1,57.0,11.0,80.0,0.0,4,1,1,0,0,0,0,0,0,-1
1744953999923127909,178885,0,,1,58.0,11.0,80.0,0.0,4,1,1,0,0,0,0,0,0,-1
1744953999943207437,178886,0,,1,58.0,11.0,80.0,0.0,4,1,1,0,0,0,0,0,0,-1
1744953999963039398,178887,0,,1,58.0,11.0,80.0,0.0,4,1,1,0,0,0,0,0,0,-1
1744953999982894887,178888,0,,1,59.0,11.0,80.0,0.0,4,1,1,0,0,0,0,0,0,-1
1744954000003044644,178889,0,,1,60.0,11.0,80.0,0.0,4,1,1,0,0,0,0,0,0,-1
1744954000031678689,178890,0,,1,60.0,11.0,80.0,0.0,4,1,1,0,0,0,0,0,0,-1
1744954000042885971,178891,0,,1,61.0,11.0,80.0,0.0,4,1,1,0,0,0,0,0,0,-1
1744954000064660593,178892,0,,1,62.0,10.0,80.0,0.0,4,1,1,0,0,0,0,0,0,-1
1744954000083590182,178893,0,,1,63.0,10.0,80.0,0.0,4,1,1,0,0,0,0,0,0,-1
1744954000103203373,178894,0,,1,64.0,10.0,80.0,0.0,4,1,1,0,0,0,0,0,0,-1
1744954000122962939,178895,0,,1,64.0,10.0,80.0,0.0,4,1,1,0,0,0,0,0,0,-1
1744954000143192057,178896,0,,1,65.0,10.0,80.0,0.0,4,1,1,0,0,0,0,0,0,-1
1744954000162972734,178897,0,,1,66.0,10.0,80.0,0.0,4,1,1,0,0,0,0,0,0,-1
1744954000185810484,178898,0,,1,67.0,10.0,80.0,0.0,4,1,1,0,0,0,0,0,0,-1
1744954000204241721,178899,0,,1,67.0,10.0,80.0,0.0,4,1,1,0,0,0,0,0,0,-1
1744954000225273682,178900,0,,1,68.0,10.0,80.0,0.0,4,1,1,0,0,0,0,0,0,-1
1744954000243209962,178901,0,,1,69.0,10.0,80.0,0.0,4,1,1,0,0,0,0,0,0,-1
1744954000262886627,178902,0,,1,70.0,10.0,80.0,0.0,4,1,1,0,0,0,0,0,0,-1
1744954000283052634,178903,0,,1,71.0,10.0,80.0,0.0,4,1,1,0,0,0,0,0,0,-1
1744954000302963472,178904,0,,1,72.0,10.0,80.0,0.0,4,1,1,0,0,0,0,0,0,-1
1744954000323763193,178905,0,,1,72.0,10.0,80.0,0.0,4,1,1,0,0,0,0,0,0,-1
1744954000343186824,178906,0,,1,73.0,10.0,80.0,0.0,4,1,1,0,0,0,0,0,0,-1
1744954000362891961,178907,0,,1,73.0,10.0,80.0,0.0,4,1,1,0,0,0,0,0,0,-1
1744954000382823829,178908,0,,1,75.0,10.0,80.0,0.0,4,1,1,0,0,0,0,0,0,-1
1744954000402834396,178909,0,,1,76.0,9.0,80.0,0.0,4,1,1,0,0,0,0,0,0,-1
1744954000422915245,178910,0,,1,78.0,9.0,80.0,0.0,4,1,1,0,0,0,0,0,0,-1
1744954000442855538,178911,0,,1,79.0,9.0,80.0,0.0,4,1,1,0,0,0,0,0,0,-1
1744954000462852686,178912,0,,1,81.0,9.0,80.0,0.0,4,1,1,0,0,0,0,0,0,-1
1744954000484488317,178913,0,,1,82.0,9.0,80.0,0.0,4,1,1,0,0,0,0,0,0,-1
1744954000502855042,178914,0,,1,83.0,9.0,80.0,0.0,4,1,1,0,0,0,0,0,0,-1
1744954000522897348,178915,0,,1,84.0,9.0,80.0,0.0,4,1,1,0,0,0,0,0,0,-1
1744954000542809851,178916,0,,1,84.0,9.0,80.0,0.0,4,1,1,0,0,0,0,0,0,-1
1744954000562801869,178917,0,,1,85.0,9.0,80.0,0.0,4,1,1,0,0,0,0,0,0,-1
1744954000582975363,178918,0,,1,86.0,9.0,80.0,0.0,4,1,1,0,0,0,0,0,0,-1
1744954000602806252,178919,0,,1,86.0,9.0,80.0,0.0,4,1,1,0,0,0,0,0,0,-1
1744954000622881830,178920,0,,1,86.0,9.0,80.0,0.0,4,1,1,0,0,0,0,0,0,-1
1744954000643075645,178921,0,,1,86.0,9.0,80.0,0.0,4,1,1,0,0,0,0,0,0,-1
1744954000663070612,178922,0,,1,87.0,9.0,80.0,0.0,4,1,1,0,0,0,0,0,0,-1
1744954000683432039,178923,0,,1,87.0,9.0,80.0,0.0,4,1,1,0,0,0,0,0,0,-1
1744954000702941081,178924,0,,1,87.0,9.0,80.0,0.0,4,1,1,0,0,0,0,0,0,-1
1744954000722863708,178925,0,,1,88.0,9.0,80.0,0.0,4,1,1,0,0,0,0,0,0,-1
1744954000742833505,178926,0,,1,88.0,9.0,80.0,0.0,4,1,1,0,0,0,0,0,0,-1
1744954000763353043,178927,0,,1,88.0,9.0,80.0,0.0,4,1,1,0,0,0,0,0,0,-1
1744954000782880664,178928,0,,1,88.0,9.0,80.0,0.0,4,1,1,0,0,0,0,0,0,-1
1744954000803391993,178929,0,,1,88.0,9.0,80.0,0.0,4,1,1,0,0,0,0,0,0,-1
1744954000823023069,178930,0,,1,89.0,9.0,80.0,0.0,4,1,1,0,0,0,0,0,0,-1
1744954000842778589,178931,0,,1,89.0,9.0,80.0,0.0,4,1,1,0,0,0,0,0,0,-1
1744954000868271747,178932,0,,1,89.0,9.0,80.0,0.0,4,1,1,0,0,0,0,0,0,-1
1744954000882988476,178933,0,,1,90.0,9.0,80.0,0.0,4,1,1,0,0,0,0,0,0,-1
1744954000904731534,178934,0,,1,91.0,9.0,80.0,0.0,4,1,1,0,0,0,0,0,0,-1
1744954000923180073,178935,0,,1,92.0,9.0,80.0,0.0,4,1,1,0,0,0,0,0,0,-1
1744954000942833312,178936,0,,1,93.0,9.0,80.0,0.0,4,1,1,0,0,0,0,0,0,-1
1744954000962883654,178937,0,,1,94.0,9.0,80.0,0.0,4,1,1,0,0,0,0,0,0,-1
1744954000983130532,178938,0,,1,95.0,9.0,80.0,0.0,4,1,1,0,0,0,0,0,0,-1
1744954001002847842,178939,0,,1,96.0,9.0,80.0,0.0,4,1,1,0,0,0,0,0,0,-1
1744954001022820725,178940,0,,1,96.0,9.0,80.0,0.0,4,1,1,0,0,0,0,0,0,-1
1744954001042999938,178941,0,,1,96.0,9.0,80.0,0.0,4,1,1,0,0,0,0,0,0,-1
1744954001062918465,178942,0,,1,97.0,9.0,80.0,0.0,4,1,1,0,0,0,0,0,0,-1
1744954001082892757,178943,0,,1,97.0,9.0,80.0,0.0,4,1,1,0,0,0,0,0,0,-1
1744954001102810748,178944,0,,1,98.0,9.0,80.0,0.0,4,1,1,0,0,0,0,0,0,-1
1744954001122873564,178945,0,,1,99.0,9.0,80.0,0.0,4,1,1,0,0,0,0,0,0,-1
1744954001142966679,178946,0,,1,101.0,9.0,80.0,0.0,4,1,1,0,0,0,0,0,0,-1
1744954001163009258,178947,0,,1,102.0,9.0,80.0,0.0,4,1,1,0,0,0,0,0,0,-1
1744954001182941383,178948,0,,1,103.0,9.0,80.0,0.0,4,1,1,0,0,0,0,0,0,-1
1744954001202897983,178949,0,,1,105.0,9.0,80.0,0.0,4,1,1,0,0,0,0,0,0,-1
1744954001223740779,178950,0,,1,106.0,9.0,80.0,0.0,4,1,1,0,0,0,0,0,0,-1
1744954001242897297,178951,0,,1,108.0,9.0,80.0,0.0,4,1,1,0,0,0,0,0,0,-1
1744954001263005377,178952,0,,1,109.0,10.0,80.0,0.0,4,1,1,0,0,0,0,0,0,-1
1744954001282843041,178953,0,,1,110.0,10.0,80.0,0.0,4,1,1,0,0,0,0,0,0,-1
1744954001302947695,178954,0,,1,111.0,10.0,80.0,0.0,4,1,1,0,0,0,0,0,0,-1
1744954001322788066,178955,0,,1,112.0,10.0,80.0,0.0,4,1,1,0,0,0,0,0,0,-1
1744954001342861436,178956,0,,1,112.0,10.0,80.0,0.0,4,1,1,0,0,0,0,0,0,-1
1744954001362931175,178957,0,,1,113.0,10.0,80.0,0.0,4,1,1,0,0,0,0,0,0,-1
1744954001383368323,178958,0,,1,114.0,10.0,80.0,0.0,4,1,1,0,0,0,0,0,0,-1
1744954001402952783,178959,0,,1,114.0,10.0,80.0,0.0,4,1,1,0,0,0,0,0,0,-1
1744954001423123525,178960,0,,1,114.0,10.0,80.0,0.0,4,1,1,0,0,0,0,0,0,-1
1744954001442824906,178961,0,,1,115.0,10.0,80.0,0.0,4,1,1,0,0,0,0,0,0,-1
1744954001462868566,178962,0,,1,115.0,10.0,80.0,0.0,4,1,1,0,0,0,0,0,0,-1
1744954001482817926,178963,0,,1,115.0,10.0,80.0,0.0,4,1,1,0,0,0,0,0,0,-1
1744954001502922970,178964,0,,1,114.0,10.0,80.0,0.0,4,1,1,0,0,0,0,0,0,-1
1744954001523039189,178965,0,,1,113.0,10.0,80.0,0.0,4,1,1,0,0,0,0,0,0,-1
1744954001543022385,178966,0,,1,112.0,10.0,80.0,0.0,4,1,1,0,0,0,0,0,0,-1
1744954001563019297,178967,0,,1,111.0,10.0,80.0,0.0,4,1,1,0,0,0,0,0,0,-1
1744954001582888884,178968,0,,1,110.0,10.0,80.0,0.0,4,1,1,0,0,0,0,0,0,-1
1744954001602812852,178969,0,,1,109.0,10.0,80.0,10.8,4,1,1,0,0,0,0,0,0,-1
1744954001623202982,178970,0,,1,108.0,11.0,80.0,45.2,4,1,1,0,0,0,0,0,0,-1
1744954001643159088,178971,0,,1,108.0,11.0,80.0,170.4,4,1,1,0,0,0,0,0,0,-1
1744954001662913821,178972,0,,1,108.0,11.0,80.0,189.6,4,1,1,0,0,0,0,0,0,-1
1744954001682856429,178973,0,,1,109.0,11.0,80.0,274.4,4,1,1,0,0,0,0,0,0,-1
1744954001702904992,178974,0,,1,110.0,11.0,80.0,410.0,4,1,1,0,0,0,0,0,0,-1
1744954001722962366,178975,0,,1,111.0,11.0,80.0,561.2,4,1,1,0,0,0,0,0,0,-1
1744954001743486026,178976,0,,1,113.0,11.0,80.0,641.6,4,1,1,0,0,0,0,0,0,-1
1744954001762835737,178977,0,,1,115.0,11.0,80.0,802.8,4,1,1,0,0,0,0,0,0,-1
1744954001782795519,178978,0,,1,116.0,11.0,80.0,886.0,4,1,1,0,0,0,0,0,0,-1
1744954001802816705,178979,0,,1,118.0,11.0,80.0,911.2,4,1,1,0,0,0,0,0,0,-1
1744954001823165157,178980,0,,1,121.0,11.0,80.0,911.2,4,1,1,0,0,0,0,0,0,-1
1744954001843172113,178981,0,,1,124.0,11.0,80.0,1150.0,4,1,1,0,0,0,0,0,0,-1
1744954001863170637,178982,0,,1,127.0,11.0,80.0,1285.2,4,1,1,0,0,0,0,0,0,-1
1744954001883000970,178983,0,,1,130.0,11.0,80.0,1332.4,4,1,1,0,0,0,0,0,0,-1
1744954001903083928,178984,0,,1,133.0,11.0,80.0,1292.4,4,1,1,0,0,0,0,0,0,-1
1744954001922901360,178985,0,,1,136.0,11.0,80.0,1258.0,4,1,1,0,0,0,0,0,0,-1
1744954001942832125,178986,0,,1,139.0,11.0,80.0,1189.6,4,1,1,0,0,0,0,0,0,-1
1744954001962883522,178987,0,,1,141.0,11.0,80.0,1186.4,4,1,1,0,0,0,0,0,0,-1
1744954001983143511,178988,0,,1,144.0,11.0,80.0,1126.0,4,1,1,0,0,0,0,0,0,-1
1744954002002993676,178989,0,,1,148.0,11.0,80.0,1066.8,4,1,1,0,0,0,0,0,0,-1
1744954002022840956,178990,0,,1,150.0,11.0,80.0,1022.8,4,1,1,0,0,0,0,0,0,-1
1744954002043004882,178991,0,,1,152.0,12.0,80.0,1022.8,4,1,1,0,0,0,0,0,0,-1
1744954002062849848,178992,0,,1,153.0,12.0,80.0,947.6,4,1,1,0,0,0,0,0,0,-1
1744954002082891427,178993,0,,1,154.0,12.0,80.0,930.0,4,1,1,0,0,0,0,0,0,-1
1744954002102943322,178994,0,,1,156.0,12.0,80.0,888.8,4,1,1,0,0,0,0,0,0,-1
1744954002122841978,178995,0,,1,158.0,12.0,80.0,859.6,4,1,1,0,0,0,0,0,0,-1
1744954002142859622,178996,0,,1,160.0,12.0,80.0,831.2,4,1,1,0,0,0,0,0,0,-1
1744954002162927536,178997,0,,1,163.0,12.0,80.0,807.6,4,1,1,0,0,0,0,0,0,-1
1744954002182891100,178998,0,,1,167.0,12.0,80.0,786.0,4,1,1,0,0,0,0,0,0,-1
1744954002202842228,178999,0,,1,171.0,12.0,80.0,767.2,4,1,1,0,0,0,0,0,0,-1
1744954002222941520,179000,0,,1,175.0,12.0,80.0,737.2,4,1,1,0,0,0,0,0,0,-1
1744954002242892036,179001,0,,1,179.0,12.0,80.0,716.4,4,1,1,0,0,0,0,0,0,-1
1744954002262894239,179002,0,,1,181.0,12.0,80.0,698.4,4,1,1,0,0,0,0,0,0,-1
1744954002282890154,179003,0,,1,187.0,12.0,80.0,662.8,4,1,1,0,0,0,0,0,0,-1
1744954002302864468,179004,0,,1,191.0,12.0,80.0,643.6,4,1,1,0,0,0,0,0,0,-1
1744954002322912275,179005,0,,1,194.0,12.0,80.0,624.4,4,1,1,0,0,0,0,0,0,-1
1744954002342864626,179006,0,,1,197.0,12.0,80.0,592.0,4,1,1,0,0,0,0,0,0,-1
1744954002366406874,179007,0,,1,200.0,12.0,80.0,580.0,4,1,1,0,0,0,0,0,0,-1
1744954002382836191,179008,0,,1,203.0,12.0,80.0,563.6,4,1,1,0,0,0,0,0,0,-1
1744954002402836306,179009,0,,1,205.0,12.0,80.0,526.0,4,1,1,0,0,0,0,0,0,-1
1744954002422865543,179010,0,,1,207.0,12.0,80.0,526.0,4,1,1,0,0,0,0,0,0,-1
1744954002442818922,179011,0,,1,209.0,12.0,80.0,496.0,4,1,1,0,0,0,0,0,0,-1
1744954002463169022,179012,0,,1,211.0,12.0,80.0,466.0,4,1,1,0,0,0,0,0,0,-1
1744954002484175851,179013,0,,1,213.0,11.0,80.0,466.0,4,1,1,0,0,0,0,0,0,-1
1744954002503178392,179014,0,,1,214.0,11.0,80.0,416.4,4,1,1,0,0,0,0,0,0,-1
1744954002522862546,179015,0,,1,216.0,11.0,80.0,369.2,4,1,1,0,0,0,0,0,0,-1
1744954002542851459,179016,0,,1,217.0,11.0,80.0,376.0,4,1,1,0,0,0,0,0,0,-1
1744954002562880291,179017,0,,1,219.0,11.0,80.0,369.6,4,1,1,0,0,0,0,0,0,-1
1744954002582788586,179018,0,,1,220.0,11.0,80.0,332.8,4,1,1,0,0,0,0,0,0,-1
1744954002603050450,179019,0,,1,223.0,11.0,80.0,278.8,4,1,1,0,0,0,0,0,0,-1
1744954002622820228,179020,0,,1,226.0,11.0,80.0,278.8,4,1,1,0,0,0,0,0,0,-1
1744954002642843321,179021,0,,1,230.0,11.0,80.0,279.2,4,1,1,0,0,0,0,0,0,-1
1744954002663661193,179022,0,,1,235.0,11.0,80.0,260.0,4,1,1,0,0,0,0,0,0,-1
1744954002683110872,179023,0,,1,239.0,11.0,80.0,227.2,4,1,1,0,0,0,0,0,0,-1
1744954002702933281,179024,0,,1,243.0,11.0,80.0,193.2,4,1,1,0,0,0,0,0,0,-1
1744954002723066863,179025,0,,1,247.0,11.0,80.0,134.0,4,1,1,0,0,0,0,0,0,-1
1744954002743020707,179026,0,,1,250.0,11.0,80.0,105.2,4,1,1,0,0,0,0,0,0,-1
1744954002762926883,179027,0,,1,253.0,11.0,80.0,72.4,4,1,1,0,0,0,0,0,0,-1
1744954002783344744,179028,0,,1,255.0,11.0,80.0,68.0,4,1,1,0,0,0,0,0,0,-1
1744954002804151110,179029,0,,1,256.0,11.0,80.0,74.8,4,1,1,0,0,0,0,0,0,-1
1744954002823003468,179030,0,,1,260.0,11.0,80.0,88.8,4,1,1,0,0,0,0,0,0,-1
1744954002842887134,179031,0,,1,263.0,11.0,80.0,94.4,4,1,1,0,0,0,0,0,0,-1
1744954002862967419,179032,0,,1,264.0,11.0,80.0,85.2,4,1,1,0,0,0,0,0,0,-1
1744954002882801650,179033,0,,1,266.0,11.0,80.0,76.8,4,1,1,0,0,0,0,0,0,-1
1744954002903543234,179034,0,,1,269.0,11.0,80.0,40.0,4,1,1,0,0,0,0,0,0,-1
1744954002923307119,179035,0,,1,271.0,11.0,80.0,10.0,4,1,1,0,0,0,0,0,0,-1
1744954002942859209,179036,0,,1,273.0,11.0,80.0,-3.6,4,1,1,0,0,0,0,0,0,-1
1744954002962867803,179037,0,,1,275.0,11.0,80.0,-4.4,4,1,1,0,0,0,0,0,0,-1
1744954002982858505,179038,0,,1,277.0,11.0,80.0,-1.2,4,1,1,0,0,0,0,0,0,-1
1744954003003125856,179039,0,,1,279.0,11.0,80.0,0.0,4,1,1,0,0,0,0,0,0,-1
1744954003023113497,179040,0,,1,280.0,11.0,80.0,0.0,4,1,1,0,0,0,0,0,0,-1
1744954003043465817,179041,0,,1,280.0,11.0,80.0,0.0,4,1,1,0,0,0,0,0,0,-1
1744954003062974616,179042,0,,1,281.0,11.0,80.0,0.0,4,1,1,0,0,0,0,0,0,-1
1744954003083129202,179043,0,,1,281.0,11.0,80.0,0.0,4,1,1,0,0,0,0,0,0,-1
1744954003103112069,179044,0,,1,281.0,11.0,80.0,0.0,4,1,1,0,0,0,0,0,0,-1
1744954003122918684,179045,0,,1,281.0,11.0,80.0,0.0,4,1,1,0,0,0,0,0,0,-1
1744954003143174802,179046,0,,1,281.0,11.0,80.0,0.0,4,1,1,0,0,0,0,0,0,-1
1744954003162833693,179047,0,,1,281.0,11.0,80.0,0.0,4,1,1,0,0,0,0,0,0,-1
1744954003182848400,179048,0,,1,281.0,11.0,80.0,0.0,4,1,1,0,0,0,0,0,0,-1
1744954003202826187,179049,0,,1,281.0,11.0,80.0,0.0,4,1,1,0,0,0,0,0,0,-1
1744954003222947047,179050,0,,1,280.0,11.0,80.0,0.0,4,1,1,0,0,0,0,0,0,-1
1744954003242980151,179051,0,,1,279.0,11.0,80.0,0.0,4,1,1,0,0,0,0,0,0,-1
1744954003262948025,179052,0,,1,278.0,11.0,80.0,0.0,4,1,1,0,0,0,0,0,0,-1
1744954003282947837,179053,0,,1,277.0,11.0,80.0,0.0,4,1,1,0,0,0,0,0,0,-1
1744954003302862232,179054,0,,1,277.0,11.0,80.0,0.0,4,1,1,0,0,0,0,0,0,-1
1744954003322839672,179055,0,,1,277.0,11.0,80.0,0.0,4,1,1,0,0,0,0,0,0,-1
1744954003342887554,179056,0,,1,277.0,11.0,80.0,0.0,4,1,1,0,0,0,0,0,0,-1
1744954003363818345,179057,0,,1,278.0,11.0,80.0,0.0,4,1,1,0,0,0,0,0,0,-1
1744954003383124687,179058,0,,1,282.0,11.0,80.0,0.0,4,1,1,0,0,0,0,0,0,-1
1744954003402930047,179059,0,,1,284.0,11.0,80.0,0.0,4,1,1,0,0,0,0,0,0,-1
1744954003422857147,179060,0,,1,289.0,11.0,80.0,0.0,4,1,1,0,0,0,0,0,0,-1
1744954003442917498,179061,0,,1,294.0,11.0,80.0,0.0,4,1,1,0,0,0,0,0,0,-1
1744954003462853757,179062,0,,1,299.0,11.0,80.0,0.0,4,1,1,0,0,0,0,0,0,-1
1744954003482992011,179063,0,,1,303.0,11.0,80.0,0.0,4,1,1,0,0,0,0,0,0,-1
1744954003503163271,179064,0,,1,306.0,11.0,80.0,0.0,4,1,1,0,0,0,0,0,0,-1
1744954003522905659,179065,0,,1,308.0,11.0,80.0,0.0,4,1,1,0,0,0,0,0,0,-1
1744954003542862615,179066,0,,1,311.0,11.0,80.0,0.0,4,1,1,0,0,0,0,0,0,-1
1744954003562908710,179067,0,,1,313.0,11.0,80.0,0.0,4,1,1,0,0,0,0,0,0,-1
1744954003582864737,179068,0,,1,313.0,11.0,80.0,0.0,4,1,1,0,0,0,0,0,0,-1
1744954003602865520,179069,0,,1,313.0,11.0,80.0,0.0,4,1,1,0,0,0,0,0,0,-1
1744954003622934125,179070,0,,1,313.0,11.0,80.0,0.0,4,1,1,0,0,0,0,0,0,-1
1744954003642987104,179071,0,,1,313.0,11.0,80.0,0.0,4,1,1,0,0,0,0,0,0,-1
1744954003662801203,179072,0,,1,313.0,11.0,80.0,0.0,4,1,1,0,0,0,0,0,0,-1
1744954003682872855,179073,0,,1,313.0,11.0,80.0,0.0,4,1,1,0,0,0,0,0,0,-1
1744954003702994028,179074,0,,1,314.0,11.0,80.0,2.8,4,1,1,0,0,0,0,0,0,-1
1744954003723074252,179075,0,,1,315.0,11.0,80.0,91.6,4,1,1,0,0,0,0,0,0,-1
1744954003743326049,179076,0,,1,316.0,11.0,80.0,199.6,4,1,1,0,0,0,0,0,0,-1
1744954003762905407,179077,0,,1,316.0,11.0,80.0,144.8,4,1,1,0,0,0,0,0,0,-1
1744954003783368021,179078,0,,1,317.0,11.0,80.0,221.2,4,1,1,0,0,0,0,0,0,-1
1744954003803051299,179079,0,,1,317.0,11.0,80.0,275.2,4,1,1,0,0,0,0,0,0,-1
1744954003822861101,179080,0,,1,317.0,11.0,80.0,404.0,4,1,1,0,0,0,0,0,0,-1
1744954003842900324,179081,0,,1,317.0,11.0,80.0,569.6,4,1,1,0,0,0,0,0,0,-1
1744954003862844837,179082,0,,1,317.0,11.0,80.0,706.0,4,1,1,0,0,0,0,0,0,-1
1744954003882866746,179083,0,,1,317.0,12.0,80.0,821.6,4,1,1,0,0,0,0,0,0,-1
1744954003902946076,179084,0,,1,316.0,12.0,80.0,905.2,4,1,1,0,0,0,0,0,0,-1
1744954003922929146,179085,0,,1,316.0,12.0,80.0,994.4,4,1,1,0,0,0,0,0,0,-1
1744954003943289496,179086,0,,1,315.0,12.0,80.0,1090.8,4,1,1,0,0,0,0,0,0,-1
1744954003962901563,179087,0,,1,313.0,12.0,80.0,1181.6,4,1,1,0,0,0,0,0,0,-1
1744954003982825954,179088,0,,1,311.0,12.0,80.0,1382.0,4,1,1,0,0,0,0,0,0,-1
1744954004003047034,179089,0,,1,311.0,12.0,80.0,1448.4,4,1,1,0,0,0,0,0,0,-1
1744954004024210576,179090,0,,1,310.0,12.0,80.0,1420.0,4,1,1,0,0,0,0,0,0,-1
1744954004042894712,179091,0,,1,310.0,12.0,80.0,1367.2,4,1,1,0,0,0,0,0,0,-1
1744954004062932177,179092,0,,1,309.0,12.0,80.0,1371.2,4,1,1,0,0,0,0,0,0,-1
1744954004082995542,179093,0,,1,308.0,12.0,80.0,1296.0,4,1,1,0,0,0,0,0,0,-1
1744954004103309593,179094,0,,1,308.0,12.0,80.0,1275.2,4,1,1,0,0,0,0,0,0,-1
1744954004122905398,179095,0,,1,308.0,12.0,80.0,1213.2,4,1,1,0,0,0,0,0,0,-1
1744954004142837493,179096,0,,1,307.0,12.0,80.0,1280.0,4,1,1,0,0,0,0,0,0,-1
1744954004162860268,179097,0,,1,305.0,12.0,80.0,1226.8,4,1,1,0,0,0,0,0,0,-1
1744954004182887235,179098,0,,1,304.0,12.0,80.0,1243.6,4,1,1,0,0,0,0,0,0,-1
1744954004203287766,179099,0,,1,303.0,12.0,80.0,1246.0,4,1,1,0,0,0,0,0,0,-1
1744954004223006462,179100,0,,1,301.0,12.0,80.0,1246.0,4,1,1,0,0,0,0,0,0,-1
1744954004242932184,179101,0,,1,299.0,13.0,80.0,1333.2,4,1,1,0,0,0,0,0,0,-1
1744954004264208115,179102,0,,1,297.0,13.0,80.0,1346.4,4,1,1,0,0,0,0,0,0,-1
1744954004282881795,179103,0,,1,294.0,13.0,80.0,1382.8,4,1,1,0,0,0,0,0,0,-1
1744954004303063700,179104,0,,1,292.0,13.0,80.0,1438.8,4,1,1,0,0,0,0,0,0,-1
1744954004322970777,179105,0,,1,290.0,13.0,80.0,1443.6,4,1,1,0,0,0,0,0,0,-1
1744954004342842406,179106,0,,1,288.0,13.0,80.0,1474.8,4,1,1,0,0,0,0,0,0,-1
1744954004363155643,179107,0,,1,286.0,13.0,80.0,1464.8,4,1,1,0,0,0,0,0,0,-1
1744954004382850646,179108,0,,1,286.0,13.0,80.0,1458.0,4,1,1,0,0,0,0,0,0,-1
1744954004403712050,179109,0,,1,285.0,13.0,80.0,1444.8,4,1,1,0,0,0,0,0,0,-1
1744954004422860617,179110,0,,1,284.0,13.0,80.0,1448.0,4,1,1,0,0,0,0,0,0,-1
1744954004442971618,179111,0,,1,283.0,13.0,80.0,1441.6,4,1,1,0,0,0,0,0,0,-1
1744954004463508569,179112,0,,1,283.0,13.0,80.0,1432.8,4,1,1,0,0,0,0,0,0,-1
1744954004482838226,179113,0,,1,283.0,13.0,80.0,1442.0,4,1,1,0,0,0,0,0,0,-1
1744954004502865883,179114,0,,1,283.0,14.0,80.0,1454.0,4,1,1,0,0,0,0,0,0,-1
1744954004522813960,179115,0,,1,281.0,14.0,80.0,1459.6,4,1,1,0,0,0,0,0,0,-1
1744954004543021615,179116,0,,1,280.0,14.0,80.0,1459.6,4,1,1,0,0,0,0,0,0,-1
1744954004562901971,179117,0,,1,279.0,14.0,80.0,1467.6,4,1,1,0,0,0,0,0,0,-1
1744954004582855626,179118,0,,1,276.0,14.0,80.0,1487.6,4,1,1,0,0,0,0,0,0,-1
1744954004602918060,179119,0,,1,272.0,14.0,80.0,1499.6,4,1,1,0,0,0,0,0,0,-1
1744954004623036142,179120,0,,1,270.0,14.0,80.0,1516.4,4,1,1,0,0,0,0,0,0,-1
1744954004643187220,179121,0,,1,267.0,14.0,80.0,1518.0,4,1,1,0,0,0,0,0,0,-1
1744954004663177190,179122,0,,1,265.0,14.0,80.0,1536.0,4,1,1,0,0,0,0,0,0,-1
1744954004682864686,179123,0,,1,263.0,14.0,80.0,1543.2,4,1,1,0,0,0,0,0,0,-1
1744954004702809695,179124,0,,1,261.0,14.0,80.0,1553.2,4,1,1,0,0,0,0,0,0,-1
1744954004722865171,179125,0,,1,261.0,14.0,80.0,1554.4,4,1,1,0,0,0,0,0,0,-1
1744954004742946393,179126,0,,1,260.0,15.0,80.0,1565.2,4,1,1,0,0,0,0,0,0,-1
1744954004763915162,179127,0,,1,259.0,15.0,80.0,1574.8,4,1,1,0,0,0,0,0,0,-1
1744954004783135454,179128,0,,1,257.0,15.0,80.0,1572.4,4,1,1,0,0,0,0,0,0,-1
1744954004803157575,179129,0,,1,255.0,15.0,80.0,1580.0,4,1,1,0,0,0,0,0,0,-1
1744954004822883212,179130,0,,1,254.0,15.0,80.0,1582.8,4,1,1,0,0,0,0,0,0,-1
1744954004843030192,179131,0,,1,250.0,15.0,80.0,1606.0,4,1,1,0,0,0,0,0,0,-1
1744954004863011190,179132,0,,1,246.0,15.0,80.0,1610.4,4,1,1,0,0,0,0,0,0,-1
1744954004882936856,179133,0,,1,242.0,15.0,80.0,1620.4,4,1,1,0,0,0,0,0,0,-1
1744954004903040502,179134,0,,1,240.0,15.0,80.0,1632.8,4,1,1,0,0,0,0,0,0,-1
1744954004923128587,179135,0,,1,236.0,15.0,80.0,1640.8,4,1,1,0,0,0,0,0,0,-1
1744954004942907472,179136,0,,1,232.0,15.0,80.0,1650.4,4,1,1,0,0,0,0,0,0,-1
1744954004963127156,179137,0,,1,230.0,16.0,80.0,1662.4,4,1,1,0,0,0,0,0,0,-1
1744954004982840381,179138,0,,1,228.0,16.0,80.0,1661.2,4,1,1,0,0,0,0,0,0,-1
1744954005003006141,179139,0,,1,225.0,16.0,80.0,1678.4,4,1,1,0,0,0,0,0,0,-1
1744954005022868597,179140,0,,1,222.0,16.0,80.0,1693.6,4,1,1,0,0,0,0,0,0,-1
1744954005043704999,179141,0,,1,218.0,16.0,80.0,1693.6,4,1,1,0,0,0,0,0,0,-1
1744954005063364444,179142,0,,1,216.0,16.0,80.0,1723.6,4,1,1,0,0,0,0,0,0,-1
1744954005083136701,179143,0,,1,212.0,16.0,80.0,1735.6,4,1,1,0,0,0,0,0,0,-1
1744954005102945377,179144,0,,1,209.0,16.0,80.0,1751.2,4,1,1,0,0,0,0,0,0,-1
1744954005123011853,179145,0,,1,204.0,16.0,80.0,1750.0,4,1,1,0,0,0,0,0,0,-1
1744954005143132714,179146,0,,1,201.0,16.0,80.0,1754.0,4,1,1,0,0,0,0,0,0,-1
1744954005162928513,179147,0,,1,198.0,17.0,80.0,1759.2,4,1,1,0,0,0,0,0,0,-1
1744954005182883119,179148,0,,1,195.0,17.0,80.0,1763.6,4,1,1,0,0,0,0,0,0,-1
1744954005202988895,179149,0,,1,192.0,17.0,80.0,1768.8,4,1,1,0,0,0,0,0,0,-1
1744954005222946788,179150,0,,1,190.0,17.0,80.0,1774.8,4,1,1,0,0,0,0,0,0,-1
1744954005242977552,179151,0,,1,189.0,17.0,80.0,1791.6,4,1,1,0,0,0,0,0,0,-1
1744954005263118376,179152,0,,1,187.0,17.0,80.0,1790.4,4,1,1,0,0,0,0,0,0,-1
1744954005283173209,179153,0,,1,184.0,17.0,80.0,1809.2,4,1,1,0,0,0,0,0,0,-1
1744954005303633229,179154,0,,1,182.0,17.0,80.0,1827.6,4,1,1,0,0,0,0,0,0,-1
1744954005322957894,179155,0,,1,180.0,17.0,80.0,1845.2,4,1,1,0,0,0,0,0,0,-1
1744954005343326503,179156,0,,1,178.0,18.0,80.0,1842.4,4,1,1,0,0,0,0,0,0,-1
1744954005362902491,179157,0,,1,173.0,18.0,80.0,1858.4,4,1,1,0,0,0,0,0,0,-1
1744954005382907842,179158,0,,1,171.0,18.0,80.0,1866.4,4,1,1,0,0,0,0,0,0,-1
1744954005403072314,179159,0,,1,165.0,18.0,80.0,1870.8,4,1,1,0,0,0,0,0,0,-1
1744954005422851707,179160,0,,1,162.0,18.0,80.0,1873.6,4,1,1,0,0,0,0,0,0,-1
1744954005442858229,179161,0,,1,158.0,18.0,80.0,1888.8,4,1,1,0,0,0,0,0,0,-1
1744954005463179255,179162,0,,1,153.0,18.0,80.0,1896.4,4,1,1,0,0,0,0,0,0,-1
1744954005484707878,179163,0,,1,151.0,18.0,80.0,1902.4,4,1,1,0,0,0,0,0,0,-1
1744954005503867434,179164,0,,1,151.0,18.0,80.0,1916.4,4,1,1,0,0,0,0,0,0,-1
1744954005525312786,179165,0,,1,149.0,18.0,80.0,1923.6,4,1,1,0,0,0,0,0,0,-1
1744954005543186015,179166,0,,1,146.0,19.0,80.0,1947.2,4,1,1,0,0,0,0,0,0,-1
1744954005562926933,179167,0,,1,146.0,19.0,80.0,1956.4,4,1,1,0,0,0,0,0,0,-1
1744954005582848972,179168,0,,1,146.0,19.0,80.0,1961.6,4,1,1,0,0,0,0,0,0,-1
1744954005602871473,179169,0,,1,143.0,19.0,80.0,1986.0,4,1,1,0,0,0,0,0,0,-1
1744954005622827008,179170,0,,1,137.0,19.0,80.0,1991.2,4,1,1,0,0,0,0,0,0,-1
1744954005642895565,179171,0,,1,133.0,19.0,80.0,1992.4,4,1,1,0,0,0,0,0,0,-1
1744954005663237610,179172,0,,1,131.0,19.0,80.0,1996.4,4,1,1,0,0,0,0,0,0,-1
1744954005683162363,179173,0,,1,123.0,19.0,80.0,2012.8,4,1,1,0,0,0,0,0,0,-1
1744954005703054304,179174,0,,1,117.0,19.0,80.0,2014.4,4,1,1,0,0,0,0,0,0,-1
1744954005722882242,179175,0,,1,115.0,19.0,80.0,2019.6,4,1,1,0,0,0,0,0,0,-1
1744954005742847288,179176,0,,1,112.0,19.0,80.0,2036.4,4,1,1,0,0,0,0,0,0,-1
1744954005762879866,179177,0,,1,108.0,20.0,80.0,2049.2,4,1,1,0,0,0,0,0,0,-1
1744954005782993689,179178,0,,1,104.0,20.0,80.0,2052.8,4,1,1,0,0,0,0,0,0,-1
1744954005803555727,179179,0,,1,102.0,20.0,80.0,2060.0,4,1,1,0,0,0,0,0,0,-1
1744954005822915000,179180,0,,1,99.0,20.0,80.0,2063.2,4,1,1,0,0,0,0,0,0,-1
1744954005843037806,179181,0,,1,97.0,20.0,80.0,2078.0,4,1,1,0,0,0,0,0,0,-1
1744954005862956015,179182,0,,1,92.0,20.0,80.0,2090.8,4,1,1,0,0,0,0,0,0,-1
1744954005883335180,179183,0,,1,89.0,20.0,80.0,2094.0,4,1,1,0,0,0,0,0,0,-1
1744954005902854039,179184,0,,1,88.0,20.0,80.0,2107.2,4,1,1,0,0,0,0,0,0,-1
1744954005922923309,179185,0,,1,86.0,20.0,80.0,2112.8,4,1,1,0,0,0,0,0,0,-1
1744954005943227251,179186,0,,1,84.0,20.0,80.0,2130.0,4,1,1,0,0,0,0,0,0,-1
1744954005962883960,179187,0,,1,82.0,21.0,80.0,2137.6,4,1,1,0,0,0,0,0,0,-1
1744954005983374290,179188,0,,1,77.0,21.0,80.0,2150.4,4,1,1,0,0,0,0,0,0,-1
1744954006003154253,179189,0,,1,74.0,21.0,80.0,2156.4,4,1,1,0,0,0,0,0,0,-1
1744954006023141895,179190,0,,1,69.0,21.0,80.0,2164.0,4,1,1,0,0,0,0,0,0,-1
1744954006042893721,179191,0,,1,63.0,21.0,80.0,2183.2,4,1,1,0,0,0,0,0,0,-1
1744954006063068298,179192,0,,1,59.0,21.0,80.0,2183.2,4,1,1,0,0,0,0,0,0,-1
1744954006083023204,179193,0,,1,56.0,21.0,80.0,2194.0,4,1,1,0,0,0,0,0,0,-1
1744954006102972899,179194,0,,1,53.0,21.0,80.0,2200.8,4,1,1,0,0,0,0,0,0,-1
1744954006123363369,179195,0,,1,51.0,22.0,80.0,2218.0,4,1,1,0,0,0,0,0,0,-1
1744954006142901963,179196,0,,1,49.0,22.0,80.0,2213.2,4,1,1,0,0,0,0,0,0,-1
1744954006162829672,179197,0,,1,49.0,22.0,80.0,2226.4,4,1,1,0,0,0,0,0,0,-1
1744954006182879004,179198,0,,1,48.0,22.0,80.0,2226.0,4,1,1,0,0,0,0,0,0,-1
1744954006202819474,179199,0,,1,45.0,22.0,80.0,2232.8,4,1,1,0,0,0,0,0,0,-1
1744954006222928162,179200,0,,1,44.0,22.0,80.0,2234.8,4,1,1,0,0,0,0,0,0,-1
1744954006242794550,179201,0,,1,40.0,22.0,80.0,2246.4,4,1,1,0,0,0,0,0,0,-1
1744954006263158403,179202,0,,1,38.0,22.0,80.0,2256.0,4,1,1,0,0,0,0,0,0,-1
1744954006284013467,179203,0,,1,37.0,22.0,80.0,2264.8,4,1,1,0,0,0,0,0,0,-1
1744954006302905128,179204,0,,1,31.0,23.0,80.0,2274.0,4,1,1,0,0,0,0,0,0,-1
1744954006323030723,179205,0,,1,29.0,23.0,80.0,2288.4,4,1,1,0,0,0,0,0,0,-1
1744954006342957721,179206,0,,1,27.0,23.0,80.0,2304.0,4,1,1,0,0,0,0,0,0,-1
1744954006362855264,179207,0,,1,23.0,23.0,80.0,2318.0,4,1,1,0,0,0,0,0,0,-1
1744954006382878758,179208,0,,1,19.0,23.0,80.0,2335.2,4,1,1,0,0,0,0,0,0,-1
1744954006403354929,179209,0,,1,19.0,23.0,80.0,2346.4,4,1,1,0,0,0,0,0,0,-1
1744954006422982789,179210,0,,1,17.0,23.0,80.0,2354.4,4,1,1,0,0,0,0,0,0,-1
1744954006443185801,179211,0,,1,12.0,23.0,80.0,2354.4,4,1,1,0,0,0,0,0,0,-1
1744954006462835325,179212,0,,1,10.0,23.0,80.0,2370.8,4,1,1,0,0,0,0,0,0,-1
1744954006482905196,179213,0,,1,9.0,23.0,80.0,2370.8,4,1,1,0,0,0,0,0,0,-1
1744954006503350279,179214,0,,1,6.0,24.0,80.0,2370.8,4,1,1,0,0,0,0,0,0,-1
1744954006522789691,179215,0,,1,2.0,24.0,80.0,2391.6,4,1,1,0,0,0,0,0,0,-1
1744954006542840429,179216,0,,1,0.0,24.0,80.0,2391.6,4,1,1,0,0,0,0,0,0,-1
1744954006562824418,179217,0,,1,0.0,24.0,80.0,2404.4,4,1,1,0,0,0,0,0,0,-1
1744954006582795521,179218,0,,1,-1.0,24.0,80.0,2411.6,4,1,1,0,0,0,0,0,0,-1
1744954006602881074,179219,0,,1,-3.0,24.0,80.0,2406.8,4,1,1,0,0,0,0,0,0,-1
1744954006622876247,179220,0,,1,-3.0,24.0,80.0,2411.6,4,1,1,0,0,0,0,0,0,-1
1744954006642854996,179221,0,,1,-3.0,24.0,80.0,2419.2,4,1,1,0,0,0,0,0,0,-1
1744954006663305237,179222,0,,1,-2.0,24.0,80.0,2416.0,4,1,1,0,0,0,0,0,0,-1
1744954006682900884,179223,0,,1,-2.0,24.0,80.0,2413.6,4,1,1,0,0,0,0,0,0,-1
1744954006702931844,179224,0,,1,-1.0,24.0,80.0,2406.8,4,1,1,0,0,0,0,0,0,-1
1744954006722787514,179225,0,,1,0.0,24.0,80.0,2396.4,4,1,1,0,0,0,0,0,0,-1
1744954006742815235,179226,0,,1,1.0,24.0,80.0,2394.4,4,1,1,0,0,0,0,0,0,-1
1744954006762934019,179227,0,,1,2.0,24.0,80.0,2384.4,4,1,1,0,0,0,0,0,0,-1
1744954006782980912,179228,0,,1,2.0,24.0,80.0,2385.6,4,1,1,0,0,0,0,0,0,-1
1744954006802971218,179229,0,,1,2.0,24.0,80.0,2382.8,4,1,1,0,0,0,0,0,0,-1
1744954006824258831,179230,0,,1,2.0,24.0,80.0,2382.8,4,1,1,0,0,0,0,0,0,-1
1744954006842871470,179231,0,,1,3.0,24.0,80.0,2372.4,4,1,1,0,0,0,0,0,0,-1
1744954006862829214,179232,0,,1,3.0,24.0,80.0,2356.8,4,1,1,0,0,0,0,0,0,-1
1744954006882831069,179233,0,,1,3.0,24.0,80.0,2350.8,4,1,1,0,0,0,0,0,0,-1
1744954006902805407,179234,0,,1,3.0,24.0,80.0,2352.0,4,1,1,0,0,0,0,0,0,-1
1744954006923062303,179235,0,,1,3.0,24.0,80.0,2345.2,4,1,1,0,0,0,0,0,0,-1
1744954006942892185,179236,0,,1,3.0,24.0,80.0,2344.4,4,1,1,0,0,0,0,0,0,-1
1744954006962921780,179237,0,,1,3.0,24.0,80.0,2362.8,4,1,1,0,0,0,0,0,0,-1
1744954006982996363,179238,0,,1,3.0,24.0,80.0,2382.4,4,1,1,0,0,0,0,0,0,-1
1744954007002991330,179239,0,,1,3.0,24.0,80.0,2384.0,4,1,1,0,0,0,0,0,0,-1
1744954007022989511,179240,0,,1,2.0,25.0,80.0,2382.0,4,1,1,0,0,0,0,0,0,-1
1744954007043160733,179241,0,,1,2.0,25.0,80.0,2395.6,4,1,0,0,0,0,0,0,0,-1
1744954007063257506,179242,0,,1,1.0,25.0,80.0,2393.2,4,1,1,0,0,0,0,0,0,-1
1744954007084505271,179243,0,,1,0.0,25.0,80.0,2398.0,4,1,1,0,0,0,0,0,0,-1
1744954007103128280,179244,0,,1,0.0,25.0,80.0,2396.8,4,1,1,0,0,0,0,0,0,-1
1744954007122880795,179245,0,,1,0.0,25.0,80.0,2391.2,4,1,1,0,0,0,0,0,0,-1
1744954007142807233,179246,0,,1,0.0,25.0,80.0,2392.0,4,1,1,0,0,0,0,0,0,-1
1744954007162832815,179247,0,,1,0.0,25.0,80.0,2389.2,4,1,1,0,0,0,0,0,0,-1
1744954007182965073,179248,0,,1,0.0,25.0,80.0,2375.6,4,1,1,0,0,0,0,0,0,-1
1744954007202853501,179249,0,,1,0.0,25.0,80.0,2372.8,4,1,1,0,0,0,0,0,0,-1
1744954007222885578,179250,0,,1,0.0,25.0,80.0,2364.0,4,1,1,0,0,0,0,0,0,-1
1744954007242880486,179251,0,,1,0.0,25.0,80.0,2349.6,4,1,1,0,0,0,0,0,0,-1
1744954007262860264,179252,0,,1,0.0,25.0,80.0,2339.2,4,1,1,0,0,0,0,0,0,-1
1744954007282924987,179253,0,,1,0.0,25.0,80.0,2322.0,4,1,1,0,0,0,0,0,0,-1
1744954007302851863,179254,0,,1,0.0,25.0,80.0,2289.2,4,1,1,0,0,0,0,0,0,-1
1744954007322857915,179255,0,,1,0.0,25.0,80.0,2264.4,4,1,1,0,0,0,0,0,0,-1
1744954007342960252,179256,0,,1,0.0,25.0,80.0,2241.2,4,1,1,0,0,0,0,0,0,-1
1744954007363015507,179257,0,,1,0.0,25.0,80.0,2212.8,4,1,1,0,0,0,0,0,0,-1
1744954007382839136,179258,0,,1,0.0,25.0,80.0,2182.4,4,1,1,0,0,0,0,0,0,-1
1744954007402907595,179259,0,,1,0.0,25.0,80.0,2170.4,4,1,1,0,0,0,0,0,0,-1
1744954007423035082,179260,0,,1,0.0,25.0,80.0,2130.8,4,1,1,0,0,0,0,0,0,-1
1744954007443003280,179261,0,,1,0.0,25.0,80.0,2078.0,4,1,1,0,0,0,0,0,0,-1
1744954007463173059,179262,0,,1,0.0,24.0,80.0,2042.8,4,1,1,0,0,0,0,0,0,-1
1744954007483202873,179263,0,,1,0.0,24.0,80.0,2024.8,4,1,1,0,0,0,0,0,0,-1
1744954007503072997,179264,0,,1,0.0,24.0,80.0,1968.4,4,1,1,0,0,0,0,0,0,-1
1744954007522880281,179265,0,,1,0.0,24.0,80.0,1929.2,4,1,1,0,0,0,0,0,0,-1
1744954007542869219,179266,0,,1,0.0,24.0,80.0,1890.0,4,1,1,0,0,0,0,0,0,-1
1744954007563047564,179267,0,,1,0.0,24.0,80.0,1869.2,4,1,1,0,0,0,0,0,0,-1
1744954007583135609,179268,0,,1,-1.0,24.0,80.0,1794.0,4,1,1,0,0,0,0,0,0,-1
1744954007603181737,179269,0,,1,-1.0,24.0,80.0,1760.4,4,1,1,0,0,0,0,0,0,-1
1744954007623403237,179270,0,,1,-2.0,24.0,80.0,1720.4,4,1,1,0,0,0,0,0,0,-1
1744954007642858503,179271,0,,1,-3.0,24.0,80.0,1678.8,4,1,1,0,0,0,0,0,0,-1
1744954007662908972,179272,0,,1,-4.0,24.0,80.0,1645.2,4,1,1,0,0,0,0,0,0,-1
1744954007682900740,179273,0,,1,-4.0,24.0,80.0,1582.0,4,1,1,0,0,0,0,0,0,-1
1744954007702936580,179274,0,,1,-4.0,24.0,80.0,1573.6,4,1,1,0,0,0,0,0,0,-1
1744954007722916878,179275,0,,1,-5.0,24.0,80.0,1542.8,4,1,1,0,0,0,0,0,0,-1
1744954007742806681,179276,0,,1,-5.0,24.0,80.0,1473.2,4,1,1,0,0,0,0,0,0,-1
1744954007762809711,179277,0,,1,-6.0,24.0,80.0,1442.0,4,1,1,0,0,0,0,0,0,-1
1744954007782880686,179278,0,,1,-6.0,24.0,80.0,1431.6,4,1,1,0,0,0,0,0,0,-1
1744954007802969103,179279,0,,1,-6.0,24.0,80.0,1397.6,4,1,1,0,0,0,0,0,0,-1
1744954007822954390,179280,0,,1,-7.0,24.0,80.0,1376.0,4,1,1,0,0,0,0,0,0,-1
1744954007843438314,179281,0,,1,-8.0,23.0,80.0,1387.6,4,1,1,0,0,0,0,0,0,-1
1744954007862871186,179282,0,,1,-8.0,23.0,80.0,1392.0,4,1,1,0,0,0,0,0,0,-1
1744954007882837446,179283,0,,1,-8.0,23.0,80.0,1384.0,4,1,1,0,0,0,0,0,0,-1
1744954007903024781,179284,0,,1,-9.0,23.0,80.0,1377.2,4,1,1,0,0,0,0,0,0,-1
1744954007923414522,179285,0,,1,-9.0,23.0,80.0,1375.6,4,1,1,0,0,0,0,0,0,-1
1744954007942852382,179286,0,,1,-9.0,23.0,80.0,1390.8,4,1,1,0,0,0,0,0,0,-1
1744954007962900153,179287,0,,1,-10.0,23.0,80.0,1387.6,4,1,1,0,0,0,0,0,0,-1
1744954007982903230,179288,0,,1,-10.0,23.0,80.0,1341.6,4,1,1,0,0,0,0,0,0,-1
1744954008004246670,179289,0,,1,-11.0,23.0,80.0,1334.4,4,1,1,0,0,0,0,0,0,-1
1744954008022922601,179290,0,,1,-11.0,23.0,80.0,1334.4,4,1,1,0,0,0,0,0,0,-1
1744954008042804011,179291,0,,1,-11.0,23.0,80.0,1316.8,4,1,1,0,0,0,0,0,0,-1
1744954008062841626,179292,0,,1,-11.0,22.0,80.0,1300.4,4,1,1,0,0,0,0,0,0,-1
1744954008082925331,179293,0,,1,-11.0,22.0,80.0,1300.4,4,1,1,0,0,0,0,0,0,-1
1744954008102998104,179294,0,,1,-11.0,22.0,80.0,1279.6,4,1,1,0,0,0,0,0,0,-1
1744954008122934544,179295,0,,1,-11.0,22.0,80.0,1257.6,4,1,1,0,0,0,0,0,0,-1
1744954008145154038,179296,0,,1,-11.0,22.0,80.0,1246.8,4,1,1,0,0,0,0,0,0,-1
1744954008165163766,179297,0,,1,-11.0,22.0,80.0,1239.2,4,1,1,0,0,0,0,0,0,-1
1744954008183162933,179298,0,,1,-11.0,22.0,80.0,1196.0,4,1,1,0,0,0,0,0,0,-1
1744954008202906025,179299,0,,1,-11.0,22.0,80.0,1198.0,4,1,1,0,0,0,0,0,0,-1
1744954008222877839,179300,0,,1,-11.0,22.0,80.0,1198.0,4,1,1,0,0,0,0,0,0,-1
1744954008243083210,179301,0,,1,-11.0,22.0,80.0,1194.8,4,1,1,0,0,0,0,0,0,-1
1744954008263077326,179302,0,,1,-11.0,22.0,80.0,1200.8,4,1,1,0,0,0,0,0,0,-1
1744954008282924828,179303,0,,1,-12.0,22.0,80.0,1201.2,4,1,1,0,0,0,0,0,0,-1
1744954008302803445,179304,0,,1,-12.0,21.0,80.0,1193.2,4,1,1,0,0,0,0,0,0,-1
1744954008324277925,179305,0,,1,-13.0,21.0,80.0,1204.0,4,1,1,0,0,0,0,0,0,-1
1744954008342920239,179306,0,,1,-13.0,21.0,80.0,1200.0,4,1,1,0,0,0,0,0,0,-1
1744954008362893824,179307,0,,1,-13.0,21.0,80.0,1200.0,4,1,1,0,0,0,0,0,0,-1
1744954008382868172,179308,0,,1,-13.0,21.0,80.0,1206.4,4,1,1,0,0,0,0,0,0,-1
1744954008402899556,179309,0,,1,-13.0,21.0,80.0,1185.2,4,1,1,0,0,0,0,0,0,-1
1744954008423880248,179310,0,,1,-13.0,21.0,80.0,1199.6,4,1,1,0,0,0,0,0,0,-1
1744954008442919658,179311,0,,1,-13.0,21.0,80.0,1189.6,4,1,1,0,0,0,0,0,0,-1
1744954008462857509,179312,0,,1,-13.0,21.0,80.0,1185.6,4,1,1,0,0,0,0,0,0,-1
1744954008482791671,179313,0,,1,-13.0,21.0,80.0,1185.6,4,1,1,0,0,0,0,0,0,-1
1744954008502830479,179314,0,,1,-13.0,21.0,80.0,1169.2,4,1,1,0,0,0,0,0,0,-1
1744954008522931048,179315,0,,1,-13.0,21.0,80.0,1171.2,4,1,1,0,0,0,0,0,0,-1
1744954008542794453,179316,0,,1,-13.0,20.0,80.0,1172.8,4,1,1,0,0,0,0,0,0,-1
1744954008562766525,179317,0,,1,-13.0,20.0,80.0,1172.0,4,1,1,0,0,0,0,0,0,-1
1744954008582804438,179318,0,,1,-12.0,20.0,80.0,1164.8,4,1,1,0,0,0,0,0,0,-1
1744954008602790415,179319,0,,1,-11.0,20.0,80.0,1166.8,4,1,1,0,0,0,0,0,0,-1
1744954008622849502,179320,0,,1,-10.0,20.0,80.0,1166.8,4,1,1,0,0,0,0,0,0,-1
1744954008642880051,179321,0,,1,-8.0,20.0,80.0,1174.4,4,1,1,0,0,0,0,0,0,-1
1744954008662874706,179322,0,,1,-7.0,20.0,80.0,1171.2,4,1,1,0,0,0,0,0,0,-1
1744954008682856645,179323,0,,1,-6.0,20.0,80.0,1183.6,4,1,1,0,0,0,0,0,0,-1
1744954008703013971,179324,0,,1,-6.0,20.0,80.0,1200.8,4,1,1,0,0,0,0,0,0,-1
1744954008722888165,179325,0,,1,-5.0,20.0,80.0,1200.8,4,1,1,0,0,0,0,0,0,-1
1744954008742800487,179326,0,,1,-5.0,20.0,80.0,1202.4,4,1,1,0,0,0,0,0,0,-1
1744954008762850246,179327,0,,1,-5.0,20.0,80.0,1194.4,4,1,1,0,0,0,0,0,0,-1
1744954008783160755,179328,0,,1,-5.0,20.0,80.0,1184.4,4,1,1,0,0,0,0,0,0,-1
1744954008802982374,179329,0,,1,-5.0,20.0,80.0,1180.4,4,1,1,0,0,0,0,0,0,-1
1744954008822878883,179330,0,,1,-5.0,20.0,80.0,1180.4,4,1,1,0,0,0,0,0,0,-1
1744954008842896115,179331,0,,1,-5.0,20.0,80.0,1183.2,4,1,1,0,0,0,0,0,0,-1
1744954008862884690,179332,0,,1,-5.0,20.0,80.0,1179.2,4,1,1,0,0,0,0,0,0,-1
1744954008882975375,179333,0,,1,-5.0,20.0,80.0,1178.8,4,1,1,0,0,0,0,0,0,-1
1744954008902850092,179334,0,,1,-4.0,20.0,80.0,1170.8,4,1,1,0,0,0,0,0,0,-1
1744954008923028170,179335,0,,1,-4.0,20.0,80.0,1190.0,4,1,1,0,0,0,0,0,0,-1
1744954008942852778,179336,0,,1,-4.0,20.0,80.0,1180.8,4,1,1,0,0,0,0,0,0,-1
1744954008962847572,179337,0,,1,-4.0,20.0,80.0,1188.0,4,1,1,0,0,0,0,0,0,-1
1744954008982916382,179338,0,,1,-3.0,20.0,80.0,1183.6,4,1,1,0,0,0,0,0,0,-1
1744954009002988910,179339,0,,1,-3.0,20.0,80.0,1182.8,4,1,1,0,0,0,0,0,0,-1
1744954009023266732,179340,0,,1,-3.0,20.0,80.0,1190.4,4,1,4,0,0,0,0,0,0,-1
1744954009042872467,179341,0,,1,-3.0,20.0,80.0,1195.2,4,1,7,0,0,0,0,0,0,-1
1744954009062842827,179342,0,,1,-4.0,20.0,80.0,1194.4,4,1,7,0,0,0,0,0,0,-1
1744954009082994395,179343,0,,1,-4.0,20.0,80.0,1184.4,4,1,7,0,0,0,0,0,0,-1
1744954009102990531,179344,0,,1,-5.0,20.0,80.0,1184.8,4,1,7,0,0,0,0,0,0,-1
1744954009122922892,179345,0,,1,-5.0,20.0,80.0,1193.6,4,1,7,0,0,0,0,0,0,-1
1744954009142847858,179346,0,,1,-6.0,20.0,80.0,1198.0,4,1,7,0,0,0,0,0,0,-1
1744954009162822577,179347,0,,1,-6.0,20.0,80.0,1193.6,4,1,7,0,0,0,0,0,0,-1
1744954009182866937,179348,0,,1,-6.0,20.0,80.0,1182.4,4,1,7,0,0,0,0,0,0,-1
1744954009202879145,179349,0,,1,-6.0,20.0,80.0,1188.8,4,1,7,0,0,0,0,0,0,-1
1744954009223075495,179350,0,,1,-6.0,20.0,80.0,1192.8,4,1,7,0,0,0,0,0,0,-1
1744954009243375231,179351,0,,1,-6.0,20.0,80.0,1191.2,4,1,7,0,0,0,0,0,0,-1
1744954009262807976,179352,0,,1,-5.0,20.0,80.0,1181.6,4,1,7,0,0,0,0,0,0,-1
1744954009284364494,179353,0,,1,-5.0,20.0,80.0,1162.8,4,1,7,0,0,0,0,0,0,-1
1744954009302926058,179354,0,,1,-4.0,20.0,80.0,1117.2,4,1,7,0,0,0,0,0,0,-1
1744954009323124106,179355,0,,1,-3.0,20.0,80.0,1063.6,4,1,7,0,0,0,0,0,0,-1
1744954009342949191,179356,0,,1,-3.0,20.0,80.0,984.8,4,1,7,0,0,0,0,0,0,-1
1744954009362892348,179357,0,,1,-2.0,20.0,80.0,979.2,4,1,7,0,0,0,0,0,0,-1
1744954009382838521,179358,0,,1,-2.0,20.0,80.0,862.4,4,1,7,0,0,0,0,0,0,-1
1744954009402905471,179359,0,,1,-2.0,20.0,80.0,793.6,4,1,8,0,0,0,0,0,0,-1
1744954009423040578,179360,0,,1,-2.0,20.0,80.0,715.2,4,1,8,0,0,0,0,0,0,-1
1744954009442955962,179361,0,,1,-2.0,20.0,80.0,715.2,4,1,8,0,0,0,0,0,0,-1
1744954009462829694,179362,0,,1,-2.0,20.0,80.0,566.0,4,1,8,0,0,0,0,0,0,-1
1744954009483838815,179363,0,,1,-2.0,20.0,80.0,527.2,4,1,8,0,0,0,0,0,0,-1
1744954009502938628,179364,0,,1,-2.0,20.0,80.0,421.2,4,1,8,0,0,0,0,0,0,-1
1744954009523703036,179365,0,,1,-2.0,20.0,80.0,391.2,4,1,8,0,0,0,0,0,0,-1
1744954009542863926,179366,0,,1,-1.0,20.0,80.0,353.2,4,1,8,0,0,0,0,0,0,-1
1744954009562935088,179367,0,,1,-2.0,20.0,80.0,344.0,4,1,9,0,0,0,0,0,0,-1
1744954009582871684,179368,0,,1,-2.0,20.0,80.0,223.2,4,1,9,0,0,0,0,0,0,-1
1744954009604160329,179369,0,,1,-2.0,20.0,80.0,320.0,4,1,9,0,0,0,0,0,0,-1
1744954009622943191,179370,0,,1,-2.0,20.0,80.0,431.2,4,1,9,0,0,0,0,0,0,-1
1744954009644165470,179371,0,,1,-2.0,20.0,80.0,404.0,4,1,10,0,0,0,0,0,0,-1
1744954009662839366,179372,0,,1,-2.0,20.0,80.0,451.2,4,0,11,0,0,0,0,0,0,-1
1744954009682800944,179373,0,,1,-2.0,20.0,80.0,605.6,4,0,11,0,0,0,0,0,0,-1
1744954009702900978,179374,0,,1,-2.0,20.0,80.0,723.2,4,0,12,0,0,0,0,0,0,-1
1744954009723009340,179375,0,,1,-2.0,20.0,80.0,723.2,4,0,12,0,0,0,0,0,0,-1
1744954009742828237,179376,0,,1,-2.0,20.0,80.0,1042.0,4,0,13,0,0,0,0,0,0,-1
1744954009762821180,179377,0,,1,-3.0,20.0,80.0,1082.4,4,0,14,0,0,0,0,0,0,-1
1744954009782860740,179378,0,,1,-3.0,20.0,80.0,1193.6,4,0,15,0,0,0,0,0,0,-1
1744954009803408370,179379,0,,1,-3.0,20.0,80.0,1336.4,4,0,16,0,0,0,0,0,0,-1
1744954009822871026,179380,0,,1,-3.0,20.0,80.0,1336.4,4,0,16,0,0,0,0,0,0,-1
1744954009843226980,179381,0,,1,-4.0,20.0,80.0,1238.4,4,0,16,0,0,0,0,0,0,-1
1744954009862813156,179382,0,,1,-4.0,20.0,80.0,1246.8,4,0,19,0,0,0,0,0,0,-1
1744954009882960036,179383,0,,1,-4.0,20.0,80.0,1147.2,4,0,22,0,0,0,0,0,0,-1
1744954009903179471,179384,0,,1,-4.0,20.0,80.0,1040.0,4,0,24,0,0,0,0,0,0,-1
1744954009922883309,179385,0,,1,-4.0,21.0,80.0,959.2,4,0,25,0,0,0,0,0,0,-1
1744954009942845814,179386,0,,1,-4.0,21.0,80.0,875.6,4,0,26,0,0,0,0,0,0,-1
1744954009964370000,179387,0,,1,-5.0,21.0,80.0,834.8,4,0,28,0,0,0,0,0,0,-1
1744954009982890614,179388,0,,1,-4.0,21.0,80.0,717.6,4,0,29,0,0,0,0,0,0,-1
1744954010005770098,179389,0,,1,-4.0,21.0,80.0,644.0,4,0,29,0,0,0,0,0,0,-1
1744954010023111177,179390,0,,1,-4.0,21.0,80.0,554.0,4,0,31,0,0,0,0,0,0,-1
1744954010042849067,179391,0,,1,-4.0,21.0,80.0,488.4,4,0,31,0,0,0,0,0,0,-1
1744954010064487991,179392,0,,1,-4.0,21.0,80.0,461.6,4,0,31,0,0,0,0,0,0,-1
1744954010083252635,179393,0,,1,-4.0,21.0,80.0,332.0,4,0,31,0,0,0,0,0,0,-1
1744954010105057581,179394,0,,1,-4.0,21.0,80.0,328.4,4,0,32,0,0,0,0,0,0,-1
1744954010123022040,179395,0,,1,-4.0,21.0,80.0,282.0,4,0,31,0,0,0,0,0,0,-1
1744954010144619717,179396,0,,1,-4.0,21.0,80.0,256.4,4,0,32,0,0,0,0,0,0,-1
1744954010162945160,179397,0,,1,-4.0,21.0,80.0,232.4,4,0,32,0,0,0,0,0,0,-1
1744954010182875841,179398,0,,1,-4.0,21.0,80.0,204.0,4,0,32,0,0,0,0,0,0,-1
1744954010202895347,179399,0,,1,-4.0,21.0,80.0,159.2,4,0,32,0,0,0,0,0,0,-1
1744954010222988709,179400,0,,1,-4.0,21.0,80.0,128.0,4,0,32,0,0,0,0,0,0,-1
1744954010243344918,179401,0,,1,-4.0,21.0,80.0,46.0,4,0,32,0,0,0,0,0,0,-1
1744954010263177244,179402,0,,1,-4.0,21.0,80.0,23.6,4,0,32,0,0,0,0,0,0,-1
1744954010282916670,179403,0,,1,-4.0,21.0,80.0,-9.2,4,0,33,0,0,0,0,0,0,-1
1744954010302960638,179404,0,,1,-4.0,21.0,80.0,-37.6,4,0,33,0,0,0,0,0,0,-1
1744954010323138832,179405,0,,1,-4.0,21.0,80.0,-54.4,4,0,34,0,0,0,0,0,0,-1
1744954010342870249,179406,0,,1,-4.0,21.0,80.0,-68.0,4,0,34,0,0,0,0,0,0,-1
1744954010362900030,179407,0,,1,-4.0,21.0,80.0,-72.8,4,0,36,0,0,0,0,0,0,-1
1744954010382929409,179408,0,,1,-4.0,21.0,80.0,-73.2,4,0,37,0,0,0,0,0,0,-1
1744954010403387441,179409,0,,1,-4.0,21.0,80.0,-59.2,4,0,37,0,0,0,0,0,0,-1
1744954010423701273,179410,0,,1,-4.0,21.0,80.0,-50.0,4,0,39,0,0,0,0,0,0,-1
1744954010444128262,179411,0,,1,-4.0,21.0,80.0,-15.2,4,0,39,0,0,0,0,0,0,-1
1744954010463010215,179412,0,,1,-4.0,20.0,80.0,-2.4,4,0,40,0,0,0,0,0,0,-1
1744954010483122780,179413,0,,1,-4.0,20.0,80.0,2.0,4,0,41,0,0,0,0,0,0,-1
1744954010504161043,179414,0,,1,-4.0,20.0,80.0,0.4,4,0,41,0,0,0,0,0,0,-1
1744954010523045625,179415,0,,1,-4.0,20.0,80.0,0.0,4,0,41,0,0,0,0,0,0,-1
1744954010543191657,179416,0,,1,-4.0,20.0,80.0,0.0,4,0,42,0,0,0,0,0,0,-1
1744954010563035209,179417,0,,1,-4.0,20.0,80.0,0.0,4,0,42,0,0,0,0,0,0,-1
1744954010583017031,179418,0,,1,-4.0,20.0,80.0,0.0,4,0,43,0,0,0,0,0,0,-1
1744954010602954002,179419,0,,1,-4.0,20.0,80.0,0.0,4,0,43,0,0,0,0,0,0,-1
1744954010624024714,179420,0,,1,-4.0,20.0,80.0,0.0,4,0,43,0,0,0,0,0,0,-1
1744954010642833339,179421,0,,1,-4.0,20.0,80.0,0.0,4,0,43,0,0,0,0,0,0,-1
1744954010662853991,179422,0,,1,-4.0,20.0,80.0,0.0,4,0,43,0,0,0,0,0,0,-1
1744954010682855704,179423,0,,1,-4.0,20.0,80.0,0.0,4,0,43,0,0,0,0,0,0,-1
1744954010702855270,179424,0,,1,-3.0,20.0,80.0,0.0,4,0,43,0,0,0,0,0,0,-1
1744954010722940665,179425,0,,1,-3.0,20.0,80.0,0.0,4,0,43,0,0,0,0,0,0,-1
1744954010743374987,179426,0,,1,-2.0,20.0,80.0,0.0,4,0,43,0,0,0,0,0,0,-1
1744954010762834929,179427,0,,1,-2.0,20.0,80.0,0.0,4,0,43,0,0,0,0,0,0,-1
1744954010782842382,179428,0,,1,-1.0,20.0,80.0,0.0,4,0,44,0,0,0,0,0,0,-1
1744954010807381105,179429,0,,1,0.0,20.0,80.0,0.0,4,0,44,0,0,0,0,0,0,-1
1744954010822849164,179430,0,,1,1.0,20.0,80.0,0.0,4,0,44,0,0,0,0,0,0,-1
1744954010842794904,179431,0,,1,2.0,19.0,80.0,0.0,4,0,44,0,0,0,0,0,0,-1
1744954010863230963,179432,0,,1,2.0,19.0,80.0,0.0,4,0,44,0,0,0,0,0,0,-1
1744954010882900340,179433,0,,1,4.0,19.0,80.0,0.0,4,0,44,0,0,0,0,0,0,-1
1744954010902840536,179434,0,,1,6.0,19.0,80.0,0.0,4,0,44,0,0,0,0,0,0,-1
1744954010922776198,179435,0,,1,7.0,19.0,80.0,0.0,4,0,44,0,0,0,0,0,0,-1
1744954010942921528,179436,0,,1,8.0,19.0,80.0,0.0,4,0,45,0,0,0,0,0,0,-1
1744954010962819025,179437,0,,1,9.0,19.0,80.0,0.0,4,0,45,0,0,0,0,0,0,-1
1744954010982905013,179438,0,,1,10.0,19.0,80.0,0.0,4,0,45,0,0,0,0,0,0,-1
1744954011002885426,179439,0,,1,11.0,19.0,80.0,0.0,4,0,45,0,0,0,0,0,0,-1
1744954011022923882,179440,0,,1,11.0,19.0,80.0,0.0,4,0,45,0,0,0,0,0,0,-1
1744954011042953468,179441,0,,1,12.0,19.0,80.0,0.0,4,0,45,0,0,0,0,0,0,-1
1744954011062941299,179442,0,,1,12.0,19.0,80.0,0.0,4,0,45,0,0,0,0,0,0,-1
1744954011082902075,179443,0,,1,13.0,19.0,80.0,0.0,4,0,45,0,0,0,0,0,0,-1
1744954011102916992,179444,0,,1,13.0,19.0,80.0,0.0,4,0,46,0,0,0,0,0,0,-1
1744954011122885809,179445,0,,1,13.0,19.0,80.0,0.0,4,0,46,0,0,0,0,0,0,-1
1744954011142937181,179446,0,,1,14.0,18.0,80.0,0.0,4,0,46,0,0,0,0,0,0,-1
1744954011162877866,179447,0,,1,14.0,18.0,80.0,0.0,4,0,46,0,0,0,0,0,0,-1
1744954011182867652,179448,0,,1,14.0,18.0,80.0,0.0,4,0,46,0,0,0,0,0,0,-1
1744954011202910769,179449,0,,1,15.0,18.0,80.0,0.0,4,0,46,0,0,0,0,0,0,-1
1744954011222856013,179450,0,,1,15.0,18.0,80.0,0.0,4,0,46,0,0,0,0,0,0,-1
1744954011242863271,179451,0,,1,15.0,18.0,80.0,0.0,4,0,47,0,0,0,0,0,0,-1
1744954011262883651,179452,0,,1,15.0,18.0,80.0,0.0,4,0,46,0,0,0,0,0,0,-1
1744954011282850097,179453,0,,1,15.0,18.0,80.0,0.0,4,0,47,0,0,0,0,0,0,-1
1744954011302856952,179454,0,,1,15.0,18.0,80.0,0.0,4,0,47,0,0,0,0,0,0,-1
1744954011322904696,179455,0,,1,15.0,18.0,80.0,0.0,4,0,47,0,0,0,0,0,0,-1
1744954011342855010,179456,0,,1,15.0,18.0,80.0,0.0,4,0,48,0,0,0,0,0,0,-1
1744954011363433764,179457,0,,1,15.0,18.0,80.0,0.0,4,0,48,0,0,0,0,0,0,-1
1744954011382915443,179458,0,,1,15.0,17.0,80.0,0.0,4,0,49,0,0,0,0,0,0,-1
1744954011402846748,179459,0,,1,15.0,17.0,80.0,0.0,4,0,49,0,0,0,0,0,0,-1
1744954011422809740,179460,0,,1,15.0,17.0,80.0,0.0,4,0,49,0,0,0,0,0,0,-1
1744954011442895066,179461,0,,1,15.0,17.0,80.0,0.0,4,0,51,0,0,0,0,0,0,-1
1744954011462905987,179462,0,,1,15.0,17.0,80.0,0.0,4,0,51,0,0,0,0,0,0,-1
1744954011482819244,179463,0,,1,15.0,17.0,80.0,0.0,4,0,51,0,0,0,0,0,0,-1
1744954011502877915,179464,0,,1,15.0,17.0,80.0,0.0,4,0,51,0,0,0,0,0,0,-1
1744954011522939997,179465,0,,1,15.0,17.0,80.0,0.0,4,0,52,0,0,0,0,0,0,-1
1744954011542843052,179466,0,,1,15.0,17.0,80.0,0.0,4,0,52,0,0,0,0,0,0,-1
1744954011562794432,179467,0,,1,15.0,17.0,80.0,0.0,4,0,52,0,0,0,0,0,0,-1
1744954011582785805,179468,0,,1,15.0,17.0,80.0,0.0,4,0,52,0,0,0,0,0,0,-1
1744954011602825201,179469,0,,1,15.0,17.0,80.0,0.0,4,0,53,0,0,0,0,0,0,-1
1744954011622889491,179470,0,,1,15.0,17.0,80.0,0.0,4,0,52,0,0,0,0,0,0,-1
1744954011642806743,179471,0,,1,15.0,16.0,80.0,0.0,4,0,52,0,0,0,0,0,0,-1
1744954011663174844,179472,0,,1,15.0,16.0,80.0,0.0,4,0,53,0,0,0,0,0,0,-1
1744954011682911569,179473,0,,1,15.0,16.0,80.0,0.0,4,0,53,0,0,0,0,0,0,-1
1744954011702799091,179474,0,,1,16.0,16.0,80.0,0.0,4,0,53,0,0,0,0,0,0,-1
1744954011722772883,179475,0,,1,17.0,16.0,80.0,0.0,4,0,54,0,0,0,0,0,0,-1
1744954011743439983,179476,0,,1,17.0,16.0,80.0,0.0,4,0,54,0,0,0,0,0,0,-1
1744954011762838392,179477,0,,1,18.0,16.0,80.0,0.0,4,0,54,0,0,0,0,0,0,-1
1744954011782772019,179478,0,,1,19.0,16.0,80.0,0.0,4,0,54,0,0,0,0,0,0,-1
1744954011803116383,179479,0,,1,19.0,16.0,80.0,0.0,4,0,54,0,0,0,0,0,0,-1
1744954011822852729,179480,0,,1,20.0,16.0,80.0,0.0,4,0,54,0,0,0,0,0,0,-1
1744954011842856913,179481,0,,1,20.0,15.0,80.0,0.0,4,0,54,0,0,0,0,0,0,-1
1744954011862868713,179482,0,,1,21.0,15.0,80.0,0.0,4,0,55,0,0,0,0,0,0,-1
1744954011882844575,179483,0,,1,21.0,15.0,80.0,0.0,4,0,55,0,0,0,0,0,0,-1
1744954011902877616,179484,0,,1,21.0,15.0,80.0,0.0,4,0,55,0,0,0,0,0,0,-1
1744954011925465357,179485,0,,1,21.0,15.0,80.0,0.0,4,0,55,0,0,0,0,0,0,-1
1744954011942794739,179486,0,,1,21.0,15.0,80.0,0.0,4,0,55,0,0,0,0,0,0,-1
1744954011965362226,179487,0,,1,21.0,15.0,80.0,0.0,4,0,54,0,0,0,0,0,0,-1
1744954011982816785,179488,0,,1,21.0,15.0,80.0,0.0,4,0,54,0,0,0,0,0,0,-1
1744954012003057210,179489,0,,1,21.0,15.0,80.0,0.0,4,0,55,0,0,0,0,0,0,-1
1744954012023494901,179490,0,,1,21.0,15.0,80.0,0.0,4,0,55,0,0,0,0,0,0,-1
1744954012042859620,179491,0,,1,20.0,14.0,80.0,0.0,4,0,55,0,0,0,0,0,0,-1
1744954012062847899,179492,0,,1,20.0,14.0,80.0,0.0,4,0,55,0,0,0,0,0,0,-1
1744954012082841608,179493,0,,1,19.0,14.0,80.0,0.0,4,0,55,0,0,0,0,0,0,-1
1744954012102838446,179494,0,,1,18.0,14.0,80.0,0.0,4,0,55,0,0,0,0,0,0,-1
1744954012122818012,179495,0,,1,17.0,14.0,80.0,0.0,4,0,55,0,0,0,0,0,0,-1
1744954012142899683,179496,0,,1,16.0,14.0,80.0,0.0,4,0,55,0,0,0,0,0,0,-1
1744954012163911615,179497,0,,1,16.0,14.0,80.0,0.0,4,0,54,0,0,0,0,0,0,-1
1744954012182840327,179498,0,,1,14.0,14.0,80.0,0.0,4,0,54,0,0,0,0,0,0,-1
1744954012202939673,179499,0,,1,13.0,13.0,80.0,0.0,4,0,55,0,0,0,0,0,0,-1
1744954012223836710,179500,0,,1,12.0,13.0,80.0,0.0,4,0,55,0,0,0,0,0,0,-1
1744954012242852512,179501,0,,1,11.0,13.0,80.0,0.0,4,0,55,0,0,0,0,0,0,-1
1744954012262757372,179502,0,,1,10.0,13.0,80.0,0.0,4,0,54,0,0,0,0,0,0,-1
1744954012282855311,179503,0,,1,9.0,13.0,80.0,0.0,4,0,55,0,0,0,0,0,0,-1
1744954012302850187,179504,0,,1,8.0,13.0,80.0,0.0,4,0,55,0,0,0,0,0,0,-1
1744954012322874345,179505,0,,1,8.0,13.0,80.0,0.0,4,0,55,0,0,0,0,0,0,-1
1744954012342822640,179506,0,,1,7.0,13.0,80.0,0.0,4,0,55,0,0,0,0,0,0,-1
1744954012363444576,179507,0,,1,7.0,12.0,80.0,0.0,4,0,55,0,0,0,0,0,0,-1
1744954012382881274,179508,0,,1,7.0,12.0,80.0,0.0,4,0,55,0,0,0,0,0,0,-1
1744954012402831262,179509,0,,1,6.0,12.0,80.0,0.0,4,0,55,0,0,0,0,0,0,-1
1744954012422884850,179510,0,,1,6.0,12.0,80.0,0.0,4,0,55,0,0,0,0,0,0,-1
1744954012442832758,179511,0,,1,6.0,12.0,80.0,0.0,4,0,55,0,0,0,0,0,0,-1
1744954012462801805,179512,0,,1,6.0,12.0,80.0,0.0,4,0,55,0,0,0,0,0,0,-1
1744954012483118474,179513,0,,1,5.0,12.0,80.0,0.0,4,0,55,0,0,0,0,0,0,-1
1744954012502812217,179514,0,,1,5.0,12.0,80.0,0.0,4,0,55,0,0,0,0,0,0,-1
1744954012523167067,179515,0,,1,4.0,12.0,80.0,0.0,4,0,56,0,0,0,0,0,0,-1
1744954012542821471,179516,0,,1,4.0,11.0,80.0,0.0,4,0,55,0,0,0,0,0,0,-1
1744954012562837736,179517,0,,1,3.0,11.0,80.0,0.0,4,0,55,0,0,0,0,0,0,-1
1744954012582816131,179518,0,,1,3.0,11.0,80.0,0.0,4,0,55,0,0,0,0,0,0,-1
1744954012602898621,179519,0,,1,2.0,11.0,80.0,0.0,4,0,55,0,0,0,0,0,0,-1
1744954012622855896,179520,0,,1,1.0,11.0,80.0,0.0,4,0,55,0,0,0,0,0,0,-1
1744954012642863565,179521,0,,1,1.0,11.0,80.0,0.0,4,0,55,0,0,0,0,0,0,-1
1744954012662889084,179522,0,,1,0.0,10.0,80.0,0.0,4,0,55,0,0,0,0,0,0,-1
1744954012682843933,179523,0,,1,0.0,10.0,80.0,0.0,4,0,55,0,0,0,0,0,0,-1
1744954012703413889,179524,0,,1,0.0,10.0,80.0,0.0,4,0,55,0,0,0,0,0,0,-1
1744954012722958555,179525,0,,1,0.0,10.0,80.0,0.0,4,0,55,0,0,0,0,0,0,-1
1744954012742813978,179526,0,,1,0.0,10.0,80.0,0.0,4,0,55,0,0,0,0,0,0,-1
1744954012762885941,179527,0,,1,0.0,10.0,80.0,0.0,4,0,55,0,0,0,0,0,0,-1
1744954012782839162,179528,0,,1,0.0,10.0,80.0,0.0,4,0,55,0,0,0,0,0,0,-1
1744954012803157889,179529,0,,1,0.0,9.0,80.0,0.0,4,0,55,0,0,0,0,0,0,-1
1744954012823152863,179530,0,,1,0.0,9.0,80.0,0.0,4,0,55,0,0,0,0,0,0,-1
1744954012843162650,179531,0,,1,0.0,9.0,80.0,0.0,4,0,55,0,0,0,0,0,0,-1
1744954012863174506,179532,0,,1,0.0,9.0,80.0,0.0,4,0,55,0,0,0,0,0,0,-1
1744954012883159218,179533,0,,1,0.0,9.0,80.0,0.0,4,0,55,0,0,0,0,0,0,-1
1744954012902993595,179534,0,,1,0.0,9.0,80.0,0.0,4,0,55,0,0,0,0,0,0,-1
1744954012922876608,179535,0,,1,0.0,9.0,80.0,0.0,4,0,55,0,0,0,0,0,0,-1
1744954012942865525,179536,0,,1,0.0,9.0,80.0,0.0,4,0,55,0,0,0,0,0,0,-1
1744954012965152574,179537,0,,1,0.0,8.0,80.0,0.0,4,0,55,0,0,0,0,0,0,-1
1744954012982804767,179538,0,,1,0.0,8.0,80.0,0.0,4,0,55,0,0,0,0,0,0,-1
1744954013004071351,179539,0,,1,0.0,8.0,80.0,0.0,4,0,54,0,0,0,0,0,0,-1
1744954013022863362,179540,0,,1,0.0,8.0,80.0,0.0,4,0,54,0,0,0,0,0,0,-1
1744954013042884008,179541,0,,1,0.0,8.0,80.0,0.0,4,0,54,0,0,0,0,0,0,-1
1744954013063949597,179542,0,,1,0.0,8.0,80.0,0.0,4,0,54,0,0,0,0,0,0,-1
1744954013083432815,179543,0,,1,0.0,8.0,80.0,0.0,4,0,54,0,0,0,0,0,0,-1
1744954013103217430,179544,0,,1,0.0,8.0,80.0,0.0,4,0,54,0,0,0,0,0,0,-1
1744954013123088208,179545,0,,1,0.0,8.0,80.0,0.0,4,0,54,0,0,0,0,0,0,-1
1744954013142828693,179546,0,,1,0.0,7.0,80.0,0.0,4,0,54,0,0,0,0,0,0,-1
1744954013162887270,179547,0,,1,0.0,7.0,80.0,0.0,4,0,54,0,0,0,0,0,0,-1
1744954013182993688,179548,0,,1,0.0,7.0,80.0,0.0,4,0,54,0,0,0,0,0,0,-1
1744954013203062397,179549,0,,1,0.0,7.0,80.0,0.0,4,0,54,0,0,0,0,0,0,-1
1744954013223194095,179550,0,,1,0.0,7.0,80.0,0.0,4,0,54,0,0,0,0,0,0,-1
1744954013242826023,179551,0,,1,0.0,7.0,80.0,0.0,4,0,54,0,0,0,0,0,0,-1
1744954013262815574,179552,0,,1,0.0,7.0,80.0,0.0,4,0,54,0,0,0,0,0,0,-1
1744954013282814471,179553,0,,1,0.0,6.0,80.0,0.0,4,0,54,0,0,0,0,0,0,-1
1744954013302831387,179554,0,,1,0.0,6.0,80.0,0.0,4,0,54,0,0,0,0,0,0,-1
1744954013323612219,179555,0,,1,0.0,6.0,80.0,0.0,4,0,54,0,0,0,0,0,0,-1
1744954013342920733,179556,0,,1,0.0,6.0,80.0,0.0,4,0,54,0,0,0,0,0,0,-1
1744954013362890559,179557,0,,1,0.0,6.0,80.0,0.0,4,0,54,0,0,0,0,0,0,-1
1744954013382891903,179558,0,,1,0.0,6.0,80.0,0.0,4,0,54,0,0,0,0,0,0,-1
1744954013402850620,179559,0,,1,0.0,6.0,80.0,0.0,4,0,54,0,0,0,0,0,0,-1
1744954013422820273,179560,0,,1,0.0,6.0,80.0,0.0,4,0,54,0,0,0,0,0,0,-1
1744954013442839582,179561,0,,1,0.0,6.0,80.0,0.0,4,0,54,0,0,0,0,0,0,-1
1744954013463026395,179562,0,,1,0.0,5.0,80.0,0.0,4,0,53,0,0,0,0,0,0,-1
1744954013482826682,179563,0,,1,0.0,5.0,80.0,0.0,4,0,54,0,0,0,0,0,0,-1
1744954013502974304,179564,0,,1,0.0,5.0,80.0,0.0,4,0,54,0,0,0,0,0,0,-1
1744954013522869258,179565,0,,1,0.0,5.0,80.0,0.0,4,0,54,0,0,0,0,0,0,-1
1744954013542835265,179566,0,,1,0.0,5.0,80.0,0.0,4,0,54,0,0,0,0,0,0,-1
1744954013562870431,179567,0,,1,0.0,5.0,80.0,0.0,4,0,53,0,0,0,0,0,0,-1
1744954013582848150,179568,0,,1,0.0,5.0,80.0,0.0,4,0,53,0,0,0,0,0,0,-1
1744954013602955587,179569,0,,1,0.0,5.0,80.0,0.0,4,0,53,0,0,0,0,0,0,-1
1744954013622837930,179570,0,,1,0.0,5.0,80.0,0.0,4,0,53,0,0,0,0,0,0,-1
1744954013642879185,179571,0,,1,0.0,5.0,80.0,0.0,4,0,53,0,0,0,0,0,0,-1
